"filename", "language", "LinkerScript", "Markdown", "XML", "C++", "C", "Properties", "comment", "blank", "total"
"c:\Users\13016\STM32CubeIDE\workspace_1.19.0\dispenserBeneth\.settings\language.settings.xml", "XML", 0, 0, 25, 0, 0, 0, 0, 0, 25
"c:\Users\13016\STM32CubeIDE\workspace_1.19.0\dispenserBeneth\Core\Inc\FreeRTOSConfig.h", "C++", 0, 0, 0, 49, 0, 0, 75, 19, 143
"c:\Users\13016\STM32CubeIDE\workspace_1.19.0\dispenserBeneth\Core\Inc\app_business.h", "C++", 0, 0, 0, 43, 0, 0, 23, 11, 77
"c:\Users\13016\STM32CubeIDE\workspace_1.19.0\dispenserBeneth\Core\Inc\bus_servo.h", "C++", 0, 0, 0, 23, 0, 0, 2, 5, 30
"c:\Users\13016\STM32CubeIDE\workspace_1.19.0\dispenserBeneth\Core\Inc\dma.h", "C++", 0, 0, 0, 11, 0, 0, 28, 14, 53
"c:\Users\13016\STM32CubeIDE\workspace_1.19.0\dispenserBeneth\Core\Inc\fsmc.h", "C++", 0, 0, 0, 14, 0, 0, 33, 13, 60
"c:\Users\13016\STM32CubeIDE\workspace_1.19.0\dispenserBeneth\Core\Inc\gpio.h", "C++", 0, 0, 0, 11, 0, 0, 27, 12, 50
"c:\Users\13016\STM32CubeIDE\workspace_1.19.0\dispenserBeneth\Core\Inc\loadcell_driver.h", "C++", 0, 0, 0, 80, 0, 0, 6, 9, 95
"c:\Users\13016\STM32CubeIDE\workspace_1.19.0\dispenserBeneth\Core\Inc\main.h", "C++", 0, 0, 0, 15, 0, 0, 39, 22, 76
"c:\Users\13016\STM32CubeIDE\workspace_1.19.0\dispenserBeneth\Core\Inc\modbus_tcp.h", "C++", 0, 0, 0, 14, 0, 0, 2, 5, 21
"c:\Users\13016\STM32CubeIDE\workspace_1.19.0\dispenserBeneth\Core\Inc\stm32f4xx_hal_conf.h", "C++", 0, 0, 0, 278, 0, 0, 132, 86, 496
"c:\Users\13016\STM32CubeIDE\workspace_1.19.0\dispenserBeneth\Core\Inc\stm32f4xx_it.h", "C++", 0, 0, 0, 21, 0, 0, 34, 15, 70
"c:\Users\13016\STM32CubeIDE\workspace_1.19.0\dispenserBeneth\Core\Inc\syringe_pump.h", "C++", 0, 0, 0, 73, 0, 0, 10, 10, 93
"c:\Users\13016\STM32CubeIDE\workspace_1.19.0\dispenserBeneth\Core\Inc\tim.h", "C++", 0, 0, 0, 12, 0, 0, 27, 14, 53
"c:\Users\13016\STM32CubeIDE\workspace_1.19.0\dispenserBeneth\Core\Inc\usart.h", "C++", 0, 0, 0, 16, 0, 0, 27, 16, 59
"c:\Users\13016\STM32CubeIDE\workspace_1.19.0\dispenserBeneth\Core\Src\app_business.c", "C", 0, 0, 0, 0, 377, 0, 314, 105, 796
"c:\Users\13016\STM32CubeIDE\workspace_1.19.0\dispenserBeneth\Core\Src\bus_servo.c", "C", 0, 0, 0, 0, 103, 0, 21, 23, 147
"c:\Users\13016\STM32CubeIDE\workspace_1.19.0\dispenserBeneth\Core\Src\dma.c", "C", 0, 0, 0, 0, 7, 0, 35, 14, 56
"c:\Users\13016\STM32CubeIDE\workspace_1.19.0\dispenserBeneth\Core\Src\freertos.c", "C", 0, 0, 0, 0, 50, 0, 82, 34, 166
"c:\Users\13016\STM32CubeIDE\workspace_1.19.0\dispenserBeneth\Core\Src\fsmc.c", "C", 0, 0, 0, 0, 98, 0, 142, 45, 285
"c:\Users\13016\STM32CubeIDE\workspace_1.19.0\dispenserBeneth\Core\Src\gpio.c", "C", 0, 0, 0, 0, 12, 0, 37, 11, 60
"c:\Users\13016\STM32CubeIDE\workspace_1.19.0\dispenserBeneth\Core\Src\loadcell_driver.c", "C", 0, 0, 0, 0, 82, 0, 17, 14, 113
"c:\Users\13016\STM32CubeIDE\workspace_1.19.0\dispenserBeneth\Core\Src\main.c", "C", 0, 0, 0, 0, 79, 0, 107, 42, 228
"c:\Users\13016\STM32CubeIDE\workspace_1.19.0\dispenserBeneth\Core\Src\modbus_tcp.c", "C", 0, 0, 0, 0, 419, 0, 64, 82, 565
"c:\Users\13016\STM32CubeIDE\workspace_1.19.0\dispenserBeneth\Core\Src\stm32f4xx_hal_msp.c", "C", 0, 0, 0, 0, 72, 0, 103, 45, 220
"c:\Users\13016\STM32CubeIDE\workspace_1.19.0\dispenserBeneth\Core\Src\stm32f4xx_hal_timebase_tim.c", "C", 0, 0, 0, 0, 56, 0, 65, 17, 138
"c:\Users\13016\STM32CubeIDE\workspace_1.19.0\dispenserBeneth\Core\Src\stm32f4xx_it.c", "C", 0, 0, 0, 0, 68, 0, 158, 49, 275
"c:\Users\13016\STM32CubeIDE\workspace_1.19.0\dispenserBeneth\Core\Src\syringe_pump.c", "C", 0, 0, 0, 0, 191, 0, 53, 50, 294
"c:\Users\13016\STM32CubeIDE\workspace_1.19.0\dispenserBeneth\Core\Src\syscalls.c", "C", 0, 0, 0, 0, 123, 0, 25, 29, 177
"c:\Users\13016\STM32CubeIDE\workspace_1.19.0\dispenserBeneth\Core\Src\sysmem.c", "C", 0, 0, 0, 0, 24, 0, 48, 8, 80
"c:\Users\13016\STM32CubeIDE\workspace_1.19.0\dispenserBeneth\Core\Src\system_stm32f4xx.c", "C", 0, 0, 0, 0, 347, 0, 318, 83, 748
"c:\Users\13016\STM32CubeIDE\workspace_1.19.0\dispenserBeneth\Core\Src\tim.c", "C", 0, 0, 0, 0, 38, 0, 43, 24, 105
"c:\Users\13016\STM32CubeIDE\workspace_1.19.0\dispenserBeneth\Core\Src\usart.c", "C", 0, 0, 0, 0, 124, 0, 104, 59, 287
"c:\Users\13016\STM32CubeIDE\workspace_1.19.0\dispenserBeneth\Drivers\BSP\Components\yt8512c\ethernet_chip.c", "C", 0, 0, 0, 0, 303, 0, 133, 53, 489
"c:\Users\13016\STM32CubeIDE\workspace_1.19.0\dispenserBeneth\Drivers\BSP\Components\yt8512c\ethernet_chip.h", "C", 0, 0, 0, 0, 116, 0, 35, 23, 174
"c:\Users\13016\STM32CubeIDE\workspace_1.19.0\dispenserBeneth\Drivers\CMSIS\Device\ST\STM32F4xx\Include\stm32f407xx.h", "C++", 0, 0, 0, 13746, 0, 0, 978, 890, 15614
"c:\Users\13016\STM32CubeIDE\workspace_1.19.0\dispenserBeneth\Drivers\CMSIS\Device\ST\STM32F4xx\Include\stm32f4xx.h", "C++", 0, 0, 0, 170, 0, 0, 94, 38, 302
"c:\Users\13016\STM32CubeIDE\workspace_1.19.0\dispenserBeneth\Drivers\CMSIS\Device\ST\STM32F4xx\Include\system_stm32f4xx.h", "C++", 0, 0, 0, 14, 0, 0, 70, 21, 105
"c:\Users\13016\STM32CubeIDE\workspace_1.19.0\dispenserBeneth\Drivers\CMSIS\Include\cachel1_armv7.h", "C++", 0, 0, 0, 244, 0, 0, 100, 68, 412
"c:\Users\13016\STM32CubeIDE\workspace_1.19.0\dispenserBeneth\Drivers\CMSIS\Include\cmsis_armcc.h", "C++", 0, 0, 0, 392, 0, 0, 356, 141, 889
"c:\Users\13016\STM32CubeIDE\workspace_1.19.0\dispenserBeneth\Drivers\CMSIS\Include\cmsis_armclang.h", "C++", 0, 0, 0, 669, 0, 0, 599, 236, 1504
"c:\Users\13016\STM32CubeIDE\workspace_1.19.0\dispenserBeneth\Drivers\CMSIS\Include\cmsis_armclang_ltm.h", "C++", 0, 0, 0, 981, 0, 0, 593, 355, 1929
"c:\Users\13016\STM32CubeIDE\workspace_1.19.0\dispenserBeneth\Drivers\CMSIS\Include\cmsis_compiler.h", "C++", 0, 0, 0, 207, 0, 0, 52, 25, 284
"c:\Users\13016\STM32CubeIDE\workspace_1.19.0\dispenserBeneth\Drivers\CMSIS\Include\cmsis_gcc.h", "C++", 0, 0, 0, 1204, 0, 0, 620, 388, 2212
"c:\Users\13016\STM32CubeIDE\workspace_1.19.0\dispenserBeneth\Drivers\CMSIS\Include\cmsis_iccarm.h", "C++", 0, 0, 0, 795, 0, 0, 47, 161, 1003
"c:\Users\13016\STM32CubeIDE\workspace_1.19.0\dispenserBeneth\Drivers\CMSIS\Include\cmsis_version.h", "C++", 0, 0, 0, 13, 0, 0, 23, 4, 40
"c:\Users\13016\STM32CubeIDE\workspace_1.19.0\dispenserBeneth\Drivers\CMSIS\Include\core_armv81mml.h", "C++", 0, 0, 0, 2483, 0, 0, 769, 977, 4229
"c:\Users\13016\STM32CubeIDE\workspace_1.19.0\dispenserBeneth\Drivers\CMSIS\Include\core_armv8mbl.h", "C++", 0, 0, 0, 1181, 0, 0, 605, 437, 2223
"c:\Users\13016\STM32CubeIDE\workspace_1.19.0\dispenserBeneth\Drivers\CMSIS\Include\core_armv8mml.h", "C++", 0, 0, 0, 1821, 0, 0, 729, 660, 3210
"c:\Users\13016\STM32CubeIDE\workspace_1.19.0\dispenserBeneth\Drivers\CMSIS\Include\core_cm0.h", "C++", 0, 0, 0, 444, 0, 0, 327, 182, 953
"c:\Users\13016\STM32CubeIDE\workspace_1.19.0\dispenserBeneth\Drivers\CMSIS\Include\core_cm0plus.h", "C++", 0, 0, 0, 530, 0, 0, 346, 212, 1088
"c:\Users\13016\STM32CubeIDE\workspace_1.19.0\dispenserBeneth\Drivers\CMSIS\Include\core_cm1.h", "C++", 0, 0, 0, 454, 0, 0, 338, 188, 980
"c:\Users\13016\STM32CubeIDE\workspace_1.19.0\dispenserBeneth\Drivers\CMSIS\Include\core_cm23.h", "C++", 0, 0, 0, 1229, 0, 0, 611, 458, 2298
"c:\Users\13016\STM32CubeIDE\workspace_1.19.0\dispenserBeneth\Drivers\CMSIS\Include\core_cm3.h", "C++", 0, 0, 0, 1055, 0, 0, 468, 421, 1944
"c:\Users\13016\STM32CubeIDE\workspace_1.19.0\dispenserBeneth\Drivers\CMSIS\Include\core_cm33.h", "C++", 0, 0, 0, 1867, 0, 0, 732, 679, 3278
"c:\Users\13016\STM32CubeIDE\workspace_1.19.0\dispenserBeneth\Drivers\CMSIS\Include\core_cm35p.h", "C++", 0, 0, 0, 1867, 0, 0, 732, 679, 3278
"c:\Users\13016\STM32CubeIDE\workspace_1.19.0\dispenserBeneth\Drivers\CMSIS\Include\core_cm4.h", "C++", 0, 0, 0, 1186, 0, 0, 485, 459, 2130
"c:\Users\13016\STM32CubeIDE\workspace_1.19.0\dispenserBeneth\Drivers\CMSIS\Include\core_cm55.h", "C++", 0, 0, 0, 2825, 0, 0, 861, 1132, 4818
"c:\Users\13016\STM32CubeIDE\workspace_1.19.0\dispenserBeneth\Drivers\CMSIS\Include\core_cm7.h", "C++", 0, 0, 0, 1350, 0, 0, 499, 518, 2367
"c:\Users\13016\STM32CubeIDE\workspace_1.19.0\dispenserBeneth\Drivers\CMSIS\Include\core_cm85.h", "C++", 0, 0, 0, 2739, 0, 0, 844, 1090, 4673
"c:\Users\13016\STM32CubeIDE\workspace_1.19.0\dispenserBeneth\Drivers\CMSIS\Include\core_sc000.h", "C++", 0, 0, 0, 492, 0, 0, 335, 204, 1031
"c:\Users\13016\STM32CubeIDE\workspace_1.19.0\dispenserBeneth\Drivers\CMSIS\Include\core_sc300.h", "C++", 0, 0, 0, 1038, 0, 0, 467, 413, 1918
"c:\Users\13016\STM32CubeIDE\workspace_1.19.0\dispenserBeneth\Drivers\CMSIS\Include\core_starmc1.h", "C++", 0, 0, 0, 2069, 0, 0, 797, 727, 3593
"c:\Users\13016\STM32CubeIDE\workspace_1.19.0\dispenserBeneth\Drivers\CMSIS\Include\mpu_armv7.h", "C++", 0, 0, 0, 125, 0, 0, 125, 26, 276
"c:\Users\13016\STM32CubeIDE\workspace_1.19.0\dispenserBeneth\Drivers\CMSIS\Include\mpu_armv8.h", "C++", 0, 0, 0, 174, 0, 0, 135, 44, 353
"c:\Users\13016\STM32CubeIDE\workspace_1.19.0\dispenserBeneth\Drivers\CMSIS\Include\pac_armv81.h", "C++", 0, 0, 0, 116, 0, 0, 71, 20, 207
"c:\Users\13016\STM32CubeIDE\workspace_1.19.0\dispenserBeneth\Drivers\CMSIS\Include\pmu_armv8.h", "C++", 0, 0, 0, 209, 0, 0, 100, 29, 338
"c:\Users\13016\STM32CubeIDE\workspace_1.19.0\dispenserBeneth\Drivers\CMSIS\Include\tz_context.h", "C++", 0, 0, 0, 19, 0, 0, 40, 12, 71
"c:\Users\13016\STM32CubeIDE\workspace_1.19.0\dispenserBeneth\Drivers\STM32F4xx_HAL_Driver\Inc\Legacy\stm32_hal_legacy.h", "C++", 0, 0, 0, 3349, 0, 0, 616, 458, 4423
"c:\Users\13016\STM32CubeIDE\workspace_1.19.0\dispenserBeneth\Drivers\STM32F4xx_HAL_Driver\Inc\stm32f4xx_hal.h", "C++", 0, 0, 0, 128, 0, 0, 138, 32, 298
"c:\Users\13016\STM32CubeIDE\workspace_1.19.0\dispenserBeneth\Drivers\STM32F4xx_HAL_Driver\Inc\stm32f4xx_hal_cortex.h", "C++", 0, 0, 0, 185, 0, 0, 171, 55, 411
"c:\Users\13016\STM32CubeIDE\workspace_1.19.0\dispenserBeneth\Drivers\STM32F4xx_HAL_Driver\Inc\stm32f4xx_hal_def.h", "C++", 0, 0, 0, 108, 0, 0, 75, 30, 213
"c:\Users\13016\STM32CubeIDE\workspace_1.19.0\dispenserBeneth\Drivers\STM32F4xx_HAL_Driver\Inc\stm32f4xx_hal_dma.h", "C++", 0, 0, 0, 318, 0, 0, 382, 103, 803
"c:\Users\13016\STM32CubeIDE\workspace_1.19.0\dispenserBeneth\Drivers\STM32F4xx_HAL_Driver\Inc\stm32f4xx_hal_dma_ex.h", "C++", 0, 0, 0, 18, 0, 0, 66, 19, 103
"c:\Users\13016\STM32CubeIDE\workspace_1.19.0\dispenserBeneth\Drivers\STM32F4xx_HAL_Driver\Inc\stm32f4xx_hal_eth.h", "C++", 0, 0, 0, 807, 0, 0, 905, 306, 2018
"c:\Users\13016\STM32CubeIDE\workspace_1.19.0\dispenserBeneth\Drivers\STM32F4xx_HAL_Driver\Inc\stm32f4xx_hal_exti.h", "C++", 0, 0, 0, 180, 0, 0, 142, 45, 367
"c:\Users\13016\STM32CubeIDE\workspace_1.19.0\dispenserBeneth\Drivers\STM32F4xx_HAL_Driver\Inc\stm32f4xx_hal_flash.h", "C++", 0, 0, 0, 102, 0, 0, 268, 56, 426
"c:\Users\13016\STM32CubeIDE\workspace_1.19.0\dispenserBeneth\Drivers\STM32F4xx_HAL_Driver\Inc\stm32f4xx_hal_flash_ex.h", "C++", 0, 0, 0, 634, 0, 0, 296, 134, 1064
"c:\Users\13016\STM32CubeIDE\workspace_1.19.0\dispenserBeneth\Drivers\STM32F4xx_HAL_Driver\Inc\stm32f4xx_hal_flash_ramfunc.h", "C++", 0, 0, 0, 17, 0, 0, 45, 15, 77
"c:\Users\13016\STM32CubeIDE\workspace_1.19.0\dispenserBeneth\Drivers\STM32F4xx_HAL_Driver\Inc\stm32f4xx_hal_gpio.h", "C++", 0, 0, 0, 110, 0, 0, 170, 46, 326
"c:\Users\13016\STM32CubeIDE\workspace_1.19.0\dispenserBeneth\Drivers\STM32F4xx_HAL_Driver\Inc\stm32f4xx_hal_gpio_ex.h", "C++", 0, 0, 0, 788, 0, 0, 601, 202, 1591
"c:\Users\13016\STM32CubeIDE\workspace_1.19.0\dispenserBeneth\Drivers\STM32F4xx_HAL_Driver\Inc\stm32f4xx_hal_nand.h", "C++", 0, 0, 0, 158, 0, 0, 156, 74, 388
"c:\Users\13016\STM32CubeIDE\workspace_1.19.0\dispenserBeneth\Drivers\STM32F4xx_HAL_Driver\Inc\stm32f4xx_hal_nor.h", "C++", 0, 0, 0, 128, 0, 0, 147, 56, 331
"c:\Users\13016\STM32CubeIDE\workspace_1.19.0\dispenserBeneth\Drivers\STM32F4xx_HAL_Driver\Inc\stm32f4xx_hal_pccard.h", "C++", 0, 0, 0, 141, 0, 0, 105, 41, 287
"c:\Users\13016\STM32CubeIDE\workspace_1.19.0\dispenserBeneth\Drivers\STM32F4xx_HAL_Driver\Inc\stm32f4xx_hal_pcd.h", "C++", 0, 0, 0, 228, 0, 0, 152, 82, 462
"c:\Users\13016\STM32CubeIDE\workspace_1.19.0\dispenserBeneth\Drivers\STM32F4xx_HAL_Driver\Inc\stm32f4xx_hal_pcd_ex.h", "C++", 0, 0, 0, 30, 0, 0, 50, 14, 94
"c:\Users\13016\STM32CubeIDE\workspace_1.19.0\dispenserBeneth\Drivers\STM32F4xx_HAL_Driver\Inc\stm32f4xx_hal_pwr.h", "C++", 0, 0, 0, 111, 0, 0, 259, 67, 437
"c:\Users\13016\STM32CubeIDE\workspace_1.19.0\dispenserBeneth\Drivers\STM32F4xx_HAL_Driver\Inc\stm32f4xx_hal_pwr_ex.h", "C++", 0, 0, 0, 117, 0, 0, 180, 44, 341
"c:\Users\13016\STM32CubeIDE\workspace_1.19.0\dispenserBeneth\Drivers\STM32F4xx_HAL_Driver\Inc\stm32f4xx_hal_rcc.h", "C++", 0, 0, 0, 618, 0, 0, 690, 151, 1459
"c:\Users\13016\STM32CubeIDE\workspace_1.19.0\dispenserBeneth\Drivers\STM32F4xx_HAL_Driver\Inc\stm32f4xx_hal_rcc_ex.h", "C++", 0, 0, 0, 4146, 0, 0, 2440, 605, 7191
"c:\Users\13016\STM32CubeIDE\workspace_1.19.0\dispenserBeneth\Drivers\STM32F4xx_HAL_Driver\Inc\stm32f4xx_hal_sram.h", "C++", 0, 0, 0, 96, 0, 0, 98, 43, 237
"c:\Users\13016\STM32CubeIDE\workspace_1.19.0\dispenserBeneth\Drivers\STM32F4xx_HAL_Driver\Inc\stm32f4xx_hal_tim.h", "C++", 0, 0, 0, 945, 0, 0, 970, 243, 2158
"c:\Users\13016\STM32CubeIDE\workspace_1.19.0\dispenserBeneth\Drivers\STM32F4xx_HAL_Driver\Inc\stm32f4xx_hal_tim_ex.h", "C++", 0, 0, 0, 153, 0, 0, 159, 46, 358
"c:\Users\13016\STM32CubeIDE\workspace_1.19.0\dispenserBeneth\Drivers\STM32F4xx_HAL_Driver\Inc\stm32f4xx_hal_uart.h", "C++", 0, 0, 0, 294, 0, 0, 504, 112, 910
"c:\Users\13016\STM32CubeIDE\workspace_1.19.0\dispenserBeneth\Drivers\STM32F4xx_HAL_Driver\Inc\stm32f4xx_ll_bus.h", "C++", 0, 0, 0, 425, 0, 0, 1614, 67, 2106
"c:\Users\13016\STM32CubeIDE\workspace_1.19.0\dispenserBeneth\Drivers\STM32F4xx_HAL_Driver\Inc\stm32f4xx_ll_cortex.h", "C++", 0, 0, 0, 196, 0, 0, 386, 66, 648
"c:\Users\13016\STM32CubeIDE\workspace_1.19.0\dispenserBeneth\Drivers\STM32F4xx_HAL_Driver\Inc\stm32f4xx_ll_dma.h", "C++", 0, 0, 0, 745, 0, 0, 1910, 214, 2869
"c:\Users\13016\STM32CubeIDE\workspace_1.19.0\dispenserBeneth\Drivers\STM32F4xx_HAL_Driver\Inc\stm32f4xx_ll_exti.h", "C++", 0, 0, 0, 168, 0, 0, 695, 92, 955
"c:\Users\13016\STM32CubeIDE\workspace_1.19.0\dispenserBeneth\Drivers\STM32F4xx_HAL_Driver\Inc\stm32f4xx_ll_fsmc.h", "C++", 0, 0, 0, 398, 0, 0, 556, 140, 1094
"c:\Users\13016\STM32CubeIDE\workspace_1.19.0\dispenserBeneth\Drivers\STM32F4xx_HAL_Driver\Inc\stm32f4xx_ll_gpio.h", "C++", 0, 0, 0, 189, 0, 0, 725, 68, 982
"c:\Users\13016\STM32CubeIDE\workspace_1.19.0\dispenserBeneth\Drivers\STM32F4xx_HAL_Driver\Inc\stm32f4xx_ll_pwr.h", "C++", 0, 0, 0, 357, 0, 0, 545, 84, 986
"c:\Users\13016\STM32CubeIDE\workspace_1.19.0\dispenserBeneth\Drivers\STM32F4xx_HAL_Driver\Inc\stm32f4xx_ll_rcc.h", "C++", 0, 0, 0, 1974, 0, 0, 4809, 319, 7102
"c:\Users\13016\STM32CubeIDE\workspace_1.19.0\dispenserBeneth\Drivers\STM32F4xx_HAL_Driver\Inc\stm32f4xx_ll_system.h", "C++", 0, 0, 0, 535, 0, 0, 1067, 110, 1712
"c:\Users\13016\STM32CubeIDE\workspace_1.19.0\dispenserBeneth\Drivers\STM32F4xx_HAL_Driver\Inc\stm32f4xx_ll_tim.h", "C++", 0, 0, 0, 1197, 0, 0, 2562, 338, 4097
"c:\Users\13016\STM32CubeIDE\workspace_1.19.0\dispenserBeneth\Drivers\STM32F4xx_HAL_Driver\Inc\stm32f4xx_ll_usart.h", "C++", 0, 0, 0, 707, 0, 0, 1594, 221, 2522
"c:\Users\13016\STM32CubeIDE\workspace_1.19.0\dispenserBeneth\Drivers\STM32F4xx_HAL_Driver\Inc\stm32f4xx_ll_usb.h", "C++", 0, 0, 0, 273, 0, 0, 200, 106, 579
"c:\Users\13016\STM32CubeIDE\workspace_1.19.0\dispenserBeneth\Drivers\STM32F4xx_HAL_Driver\Inc\stm32f4xx_ll_utils.h", "C++", 0, 0, 0, 70, 0, 0, 192, 46, 308
"c:\Users\13016\STM32CubeIDE\workspace_1.19.0\dispenserBeneth\Drivers\STM32F4xx_HAL_Driver\Src\stm32f4xx_hal.c", "C", 0, 0, 0, 0, 197, 0, 350, 70, 617
"c:\Users\13016\STM32CubeIDE\workspace_1.19.0\dispenserBeneth\Drivers\STM32F4xx_HAL_Driver\Src\stm32f4xx_hal_cortex.c", "C", 0, 0, 0, 0, 139, 0, 342, 58, 539
"c:\Users\13016\STM32CubeIDE\workspace_1.19.0\dispenserBeneth\Drivers\STM32F4xx_HAL_Driver\Src\stm32f4xx_hal_dma.c", "C", 0, 0, 0, 0, 631, 0, 479, 196, 1306
"c:\Users\13016\STM32CubeIDE\workspace_1.19.0\dispenserBeneth\Drivers\STM32F4xx_HAL_Driver\Src\stm32f4xx_hal_dma_ex.c", "C", 0, 0, 0, 0, 99, 0, 168, 47, 314
"c:\Users\13016\STM32CubeIDE\workspace_1.19.0\dispenserBeneth\Drivers\STM32F4xx_HAL_Driver\Src\stm32f4xx_hal_eth.c", "C", 0, 0, 0, 0, 1627, 0, 1229, 453, 3309
"c:\Users\13016\STM32CubeIDE\workspace_1.19.0\dispenserBeneth\Drivers\STM32F4xx_HAL_Driver\Src\stm32f4xx_hal_exti.c", "C", 0, 0, 0, 0, 212, 0, 262, 80, 554
"c:\Users\13016\STM32CubeIDE\workspace_1.19.0\dispenserBeneth\Drivers\STM32F4xx_HAL_Driver\Src\stm32f4xx_hal_flash.c", "C", 0, 0, 0, 0, 300, 0, 379, 98, 777
"c:\Users\13016\STM32CubeIDE\workspace_1.19.0\dispenserBeneth\Drivers\STM32F4xx_HAL_Driver\Src\stm32f4xx_hal_flash_ex.c", "C", 0, 0, 0, 0, 564, 0, 611, 170, 1345
"c:\Users\13016\STM32CubeIDE\workspace_1.19.0\dispenserBeneth\Drivers\STM32F4xx_HAL_Driver\Src\stm32f4xx_hal_flash_ramfunc.c", "C", 0, 0, 0, 0, 30, 0, 124, 19, 173
"c:\Users\13016\STM32CubeIDE\workspace_1.19.0\dispenserBeneth\Drivers\STM32F4xx_HAL_Driver\Src\stm32f4xx_hal_gpio.c", "C", 0, 0, 0, 0, 187, 0, 289, 58, 534
"c:\Users\13016\STM32CubeIDE\workspace_1.19.0\dispenserBeneth\Drivers\STM32F4xx_HAL_Driver\Src\stm32f4xx_hal_nand.c", "C", 0, 0, 0, 0, 1461, 0, 650, 285, 2396
"c:\Users\13016\STM32CubeIDE\workspace_1.19.0\dispenserBeneth\Drivers\STM32F4xx_HAL_Driver\Src\stm32f4xx_hal_nor.c", "C", 0, 0, 0, 0, 963, 0, 501, 178, 1642
"c:\Users\13016\STM32CubeIDE\workspace_1.19.0\dispenserBeneth\Drivers\STM32F4xx_HAL_Driver\Src\stm32f4xx_hal_pccard.c", "C", 0, 0, 0, 0, 412, 0, 414, 136, 962
"c:\Users\13016\STM32CubeIDE\workspace_1.19.0\dispenserBeneth\Drivers\STM32F4xx_HAL_Driver\Src\stm32f4xx_hal_pcd.c", "C", 0, 0, 0, 0, 1340, 0, 694, 361, 2395
"c:\Users\13016\STM32CubeIDE\workspace_1.19.0\dispenserBeneth\Drivers\STM32F4xx_HAL_Driver\Src\stm32f4xx_hal_pcd_ex.c", "C", 0, 0, 0, 0, 152, 0, 149, 47, 348
"c:\Users\13016\STM32CubeIDE\workspace_1.19.0\dispenserBeneth\Drivers\STM32F4xx_HAL_Driver\Src\stm32f4xx_hal_pwr.c", "C", 0, 0, 0, 0, 147, 0, 401, 51, 599
"c:\Users\13016\STM32CubeIDE\workspace_1.19.0\dispenserBeneth\Drivers\STM32F4xx_HAL_Driver\Src\stm32f4xx_hal_pwr_ex.c", "C", 0, 0, 0, 0, 206, 0, 323, 72, 601
"c:\Users\13016\STM32CubeIDE\workspace_1.19.0\dispenserBeneth\Drivers\STM32F4xx_HAL_Driver\Src\stm32f4xx_hal_rcc.c", "C", 0, 0, 0, 0, 528, 0, 491, 106, 1125
"c:\Users\13016\STM32CubeIDE\workspace_1.19.0\dispenserBeneth\Drivers\STM32F4xx_HAL_Driver\Src\stm32f4xx_hal_rcc_ex.c", "C", 0, 0, 0, 0, 2261, 0, 1200, 373, 3834
"c:\Users\13016\STM32CubeIDE\workspace_1.19.0\dispenserBeneth\Drivers\STM32F4xx_HAL_Driver\Src\stm32f4xx_hal_sram.c", "C", 0, 0, 0, 0, 467, 0, 506, 145, 1118
"c:\Users\13016\STM32CubeIDE\workspace_1.19.0\dispenserBeneth\Drivers\STM32F4xx_HAL_Driver\Src\stm32f4xx_hal_tim.c", "C", 0, 0, 0, 0, 3958, 0, 2621, 1051, 7630
"c:\Users\13016\STM32CubeIDE\workspace_1.19.0\dispenserBeneth\Drivers\STM32F4xx_HAL_Driver\Src\stm32f4xx_hal_tim_ex.c", "C", 0, 0, 0, 0, 1079, 0, 984, 348, 2411
"c:\Users\13016\STM32CubeIDE\workspace_1.19.0\dispenserBeneth\Drivers\STM32F4xx_HAL_Driver\Src\stm32f4xx_hal_uart.c", "C", 0, 0, 0, 0, 1762, 0, 1554, 492, 3808
"c:\Users\13016\STM32CubeIDE\workspace_1.19.0\dispenserBeneth\Drivers\STM32F4xx_HAL_Driver\Src\stm32f4xx_ll_fsmc.c", "C", 0, 0, 0, 0, 480, 0, 467, 115, 1062
"c:\Users\13016\STM32CubeIDE\workspace_1.19.0\dispenserBeneth\Drivers\STM32F4xx_HAL_Driver\Src\stm32f4xx_ll_usb.c", "C", 0, 0, 0, 0, 1453, 0, 572, 299, 2324
"c:\Users\13016\STM32CubeIDE\workspace_1.19.0\dispenserBeneth\ETHERNETIF_OFFICIAL_IMPROVEMENTS.md", "Markdown", 0, 143, 0, 0, 0, 0, 0, 35, 178
"c:\Users\13016\STM32CubeIDE\workspace_1.19.0\dispenserBeneth\ETH_DEBUG_GUIDE.md", "Markdown", 0, 90, 0, 0, 0, 0, 0, 18, 108
"c:\Users\13016\STM32CubeIDE\workspace_1.19.0\dispenserBeneth\ETH_DMA_DEBUG_ANALYSIS.md", "Markdown", 0, 157, 0, 0, 0, 0, 0, 39, 196
"c:\Users\13016\STM32CubeIDE\workspace_1.19.0\dispenserBeneth\ETH_DMA_DEBUG_IMPLEMENTATION.md", "Markdown", 0, 105, 0, 0, 0, 0, 0, 29, 134
"c:\Users\13016\STM32CubeIDE\workspace_1.19.0\dispenserBeneth\ETH_PHY_AUTONEGOATION_ENHANCEMENT.md", "Markdown", 0, 126, 0, 0, 0, 0, 0, 21, 147
"c:\Users\13016\STM32CubeIDE\workspace_1.19.0\dispenserBeneth\ISR_SEMAPHORE_FIX.md", "Markdown", 0, 173, 0, 0, 0, 0, 0, 34, 207
"c:\Users\13016\STM32CubeIDE\workspace_1.19.0\dispenserBeneth\LWIP\App\lwip.c", "C", 0, 0, 0, 0, 195, 0, 149, 54, 398
"c:\Users\13016\STM32CubeIDE\workspace_1.19.0\dispenserBeneth\LWIP\App\lwip.h", "C++", 0, 0, 0, 31, 0, 0, 42, 12, 85
"c:\Users\13016\STM32CubeIDE\workspace_1.19.0\dispenserBeneth\LWIP\Target\ethernetif.c", "C", 0, 0, 0, 0, 679, 0, 329, 166, 1174
"c:\Users\13016\STM32CubeIDE\workspace_1.19.0\dispenserBeneth\LWIP\Target\ethernetif.h", "C++", 0, 0, 0, 11, 0, 0, 25, 9, 45
"c:\Users\13016\STM32CubeIDE\workspace_1.19.0\dispenserBeneth\LWIP\Target\lwipopts.h", "C++", 0, 0, 0, 45, 0, 0, 69, 11, 125
"c:\Users\13016\STM32CubeIDE\workspace_1.19.0\dispenserBeneth\LWIP_DEBUG_GUIDE.md", "Markdown", 0, 146, 0, 0, 0, 0, 0, 36, 182
"c:\Users\13016\STM32CubeIDE\workspace_1.19.0\dispenserBeneth\Middlewares\ST\STM32_USB_Device_Library\Class\CDC\Inc\usbd_cdc.h", "C++", 0, 0, 0, 87, 0, 0, 66, 35, 188
"c:\Users\13016\STM32CubeIDE\workspace_1.19.0\dispenserBeneth\Middlewares\ST\STM32_USB_Device_Library\Class\CDC\Src\usbd_cdc.c", "C", 0, 0, 0, 0, 507, 0, 249, 138, 894
"c:\Users\13016\STM32CubeIDE\workspace_1.19.0\dispenserBeneth\Middlewares\ST\STM32_USB_Device_Library\Core\Inc\usbd_core.h", "C++", 0, 0, 0, 71, 0, 0, 63, 42, 176
"c:\Users\13016\STM32CubeIDE\workspace_1.19.0\dispenserBeneth\Middlewares\ST\STM32_USB_Device_Library\Core\Inc\usbd_ctlreq.h", "C++", 0, 0, 0, 16, 0, 0, 62, 24, 102
"c:\Users\13016\STM32CubeIDE\workspace_1.19.0\dispenserBeneth\Middlewares\ST\STM32_USB_Device_Library\Core\Inc\usbd_def.h", "C++", 0, 0, 0, 366, 0, 0, 76, 83, 525
"c:\Users\13016\STM32CubeIDE\workspace_1.19.0\dispenserBeneth\Middlewares\ST\STM32_USB_Device_Library\Core\Inc\usbd_ioreq.h", "C++", 0, 0, 0, 22, 0, 0, 62, 30, 114
"c:\Users\13016\STM32CubeIDE\workspace_1.19.0\dispenserBeneth\Middlewares\ST\STM32_USB_Device_Library\Core\Src\usbd_core.c", "C", 0, 0, 0, 0, 709, 0, 343, 170, 1222
"c:\Users\13016\STM32CubeIDE\workspace_1.19.0\dispenserBeneth\Middlewares\ST\STM32_USB_Device_Library\Core\Src\usbd_ctlreq.c", "C", 0, 0, 0, 0, 743, 0, 175, 141, 1059
"c:\Users\13016\STM32CubeIDE\workspace_1.19.0\dispenserBeneth\Middlewares\ST\STM32_USB_Device_Library\Core\Src\usbd_ioreq.c", "C", 0, 0, 0, 0, 57, 0, 127, 43, 227
"c:\Users\13016\STM32CubeIDE\workspace_1.19.0\dispenserBeneth\Middlewares\Third_Party\FreeRTOS\Source\CMSIS_RTOS\cmsis_os.c", "C", 0, 0, 0, 0, 1051, 0, 448, 229, 1728
"c:\Users\13016\STM32CubeIDE\workspace_1.19.0\dispenserBeneth\Middlewares\Third_Party\FreeRTOS\Source\CMSIS_RTOS\cmsis_os.h", "C", 0, 0, 0, 0, 331, 0, 533, 163, 1027
"c:\Users\13016\STM32CubeIDE\workspace_1.19.0\dispenserBeneth\Middlewares\Third_Party\FreeRTOS\Source\croutine.c", "C", 0, 0, 0, 0, 179, 0, 117, 58, 354
"c:\Users\13016\STM32CubeIDE\workspace_1.19.0\dispenserBeneth\Middlewares\Third_Party\FreeRTOS\Source\event_groups.c", "C", 0, 0, 0, 0, 457, 0, 181, 116, 754
"c:\Users\13016\STM32CubeIDE\workspace_1.19.0\dispenserBeneth\Middlewares\Third_Party\FreeRTOS\Source\include\FreeRTOS.h", "C++", 0, 0, 0, 797, 0, 0, 262, 237, 1296
"c:\Users\13016\STM32CubeIDE\workspace_1.19.0\dispenserBeneth\Middlewares\Third_Party\FreeRTOS\Source\include\StackMacros.h", "C++", 0, 0, 0, 65, 0, 0, 47, 22, 134
"c:\Users\13016\STM32CubeIDE\workspace_1.19.0\dispenserBeneth\Middlewares\Third_Party\FreeRTOS\Source\include\atomic.h", "C++", 0, 0, 0, 169, 0, 0, 193, 53, 415
"c:\Users\13016\STM32CubeIDE\workspace_1.19.0\dispenserBeneth\Middlewares\Third_Party\FreeRTOS\Source\include\croutine.h", "C++", 0, 0, 0, 68, 0, 0, 629, 24, 721
"c:\Users\13016\STM32CubeIDE\workspace_1.19.0\dispenserBeneth\Middlewares\Third_Party\FreeRTOS\Source\include\deprecated_definitions.h", "C++", 0, 0, 0, 180, 0, 0, 38, 62, 280
"c:\Users\13016\STM32CubeIDE\workspace_1.19.0\dispenserBeneth\Middlewares\Third_Party\FreeRTOS\Source\include\event_groups.h", "C++", 0, 0, 0, 45, 0, 0, 684, 29, 758
"c:\Users\13016\STM32CubeIDE\workspace_1.19.0\dispenserBeneth\Middlewares\Third_Party\FreeRTOS\Source\include\list.h", "C++", 0, 0, 0, 97, 0, 0, 279, 37, 413
"c:\Users\13016\STM32CubeIDE\workspace_1.19.0\dispenserBeneth\Middlewares\Third_Party\FreeRTOS\Source\include\message_buffer.h", "C++", 0, 0, 0, 29, 0, 0, 748, 27, 804
"c:\Users\13016\STM32CubeIDE\workspace_1.19.0\dispenserBeneth\Middlewares\Third_Party\FreeRTOS\Source\include\mpu_prototypes.h", "C++", 0, 0, 0, 110, 0, 0, 38, 13, 161
"c:\Users\13016\STM32CubeIDE\workspace_1.19.0\dispenserBeneth\Middlewares\Third_Party\FreeRTOS\Source\include\mpu_wrappers.h", "C++", 0, 0, 0, 119, 0, 0, 48, 23, 190
"c:\Users\13016\STM32CubeIDE\workspace_1.19.0\dispenserBeneth\Middlewares\Third_Party\FreeRTOS\Source\include\portable.h", "C++", 0, 0, 0, 85, 0, 0, 86, 29, 200
"c:\Users\13016\STM32CubeIDE\workspace_1.19.0\dispenserBeneth\Middlewares\Third_Party\FreeRTOS\Source\include\projdefs.h", "C++", 0, 0, 0, 68, 0, 0, 40, 17, 125
"c:\Users\13016\STM32CubeIDE\workspace_1.19.0\dispenserBeneth\Middlewares\Third_Party\FreeRTOS\Source\include\queue.h", "C++", 0, 0, 0, 92, 0, 0, 1512, 52, 1656
"c:\Users\13016\STM32CubeIDE\workspace_1.19.0\dispenserBeneth\Middlewares\Third_Party\FreeRTOS\Source\include\semphr.h", "C++", 0, 0, 0, 59, 0, 0, 1052, 30, 1141
"c:\Users\13016\STM32CubeIDE\workspace_1.19.0\dispenserBeneth\Middlewares\Third_Party\FreeRTOS\Source\include\stack_macros.h", "C++", 0, 0, 0, 62, 0, 0, 47, 21, 130
"c:\Users\13016\STM32CubeIDE\workspace_1.19.0\dispenserBeneth\Middlewares\Third_Party\FreeRTOS\Source\include\stream_buffer.h", "C++", 0, 0, 0, 55, 0, 0, 777, 28, 860
"c:\Users\13016\STM32CubeIDE\workspace_1.19.0\dispenserBeneth\Middlewares\Third_Party\FreeRTOS\Source\include\task.h", "C++", 0, 0, 0, 194, 0, 0, 2246, 104, 2544
"c:\Users\13016\STM32CubeIDE\workspace_1.19.0\dispenserBeneth\Middlewares\Third_Party\FreeRTOS\Source\include\timers.h", "C++", 0, 0, 0, 71, 0, 0, 1197, 42, 1310
"c:\Users\13016\STM32CubeIDE\workspace_1.19.0\dispenserBeneth\Middlewares\Third_Party\FreeRTOS\Source\list.c", "C", 0, 0, 0, 0, 73, 0, 94, 32, 199
"c:\Users\13016\STM32CubeIDE\workspace_1.19.0\dispenserBeneth\Middlewares\Third_Party\FreeRTOS\Source\portable\GCC\ARM_CM4F\port.c", "C", 0, 0, 0, 0, 369, 0, 302, 105, 776
"c:\Users\13016\STM32CubeIDE\workspace_1.19.0\dispenserBeneth\Middlewares\Third_Party\FreeRTOS\Source\portable\GCC\ARM_CM4F\portmacro.h", "C++", 0, 0, 0, 132, 0, 0, 66, 46, 244
"c:\Users\13016\STM32CubeIDE\workspace_1.19.0\dispenserBeneth\Middlewares\Third_Party\FreeRTOS\Source\portable\MemMang\heap_4.c", "C", 0, 0, 0, 0, 288, 0, 138, 67, 493
"c:\Users\13016\STM32CubeIDE\workspace_1.19.0\dispenserBeneth\Middlewares\Third_Party\FreeRTOS\Source\queue.c", "C", 0, 0, 0, 0, 1910, 0, 645, 391, 2946
"c:\Users\13016\STM32CubeIDE\workspace_1.19.0\dispenserBeneth\Middlewares\Third_Party\FreeRTOS\Source\stream_buffer.c", "C", 0, 0, 0, 0, 831, 0, 259, 174, 1264
"c:\Users\13016\STM32CubeIDE\workspace_1.19.0\dispenserBeneth\Middlewares\Third_Party\FreeRTOS\Source\tasks.c", "C", 0, 0, 0, 0, 3192, 0, 1341, 778, 5311
"c:\Users\13016\STM32CubeIDE\workspace_1.19.0\dispenserBeneth\Middlewares\Third_Party\FreeRTOS\Source\timers.c", "C", 0, 0, 0, 0, 680, 0, 283, 165, 1128
"c:\Users\13016\STM32CubeIDE\workspace_1.19.0\dispenserBeneth\Middlewares\Third_Party\LwIP\src\api\api_lib.c", "C", 0, 0, 0, 0, 828, 0, 404, 136, 1368
"c:\Users\13016\STM32CubeIDE\workspace_1.19.0\dispenserBeneth\Middlewares\Third_Party\LwIP\src\api\api_msg.c", "C", 0, 0, 0, 0, 1588, 0, 432, 154, 2174
"c:\Users\13016\STM32CubeIDE\workspace_1.19.0\dispenserBeneth\Middlewares\Third_Party\LwIP\src\api\err.c", "C", 0, 0, 0, 0, 62, 0, 44, 10, 116
"c:\Users\13016\STM32CubeIDE\workspace_1.19.0\dispenserBeneth\Middlewares\Third_Party\LwIP\src\api\if_api.c", "C", 0, 0, 0, 0, 39, 0, 56, 8, 103
"c:\Users\13016\STM32CubeIDE\workspace_1.19.0\dispenserBeneth\Middlewares\Third_Party\LwIP\src\api\netbuf.c", "C", 0, 0, 0, 0, 114, 0, 118, 19, 251
"c:\Users\13016\STM32CubeIDE\workspace_1.19.0\dispenserBeneth\Middlewares\Third_Party\LwIP\src\api\netdb.c", "C", 0, 0, 0, 0, 254, 0, 123, 38, 415
"c:\Users\13016\STM32CubeIDE\workspace_1.19.0\dispenserBeneth\Middlewares\Third_Party\LwIP\src\api\netifapi.c", "C", 0, 0, 0, 0, 218, 0, 124, 39, 381
"c:\Users\13016\STM32CubeIDE\workspace_1.19.0\dispenserBeneth\Middlewares\Third_Party\LwIP\src\api\sockets.c", "C", 0, 0, 0, 0, 3256, 0, 523, 382, 4161
"c:\Users\13016\STM32CubeIDE\workspace_1.19.0\dispenserBeneth\Middlewares\Third_Party\LwIP\src\api\tcpip.c", "C", 0, 0, 0, 0, 365, 0, 225, 69, 659
"c:\Users\13016\STM32CubeIDE\workspace_1.19.0\dispenserBeneth\Middlewares\Third_Party\LwIP\src\apps\mqtt\mqtt.c", "C", 0, 0, 0, 0, 922, 0, 378, 164, 1464
"c:\Users\13016\STM32CubeIDE\workspace_1.19.0\dispenserBeneth\Middlewares\Third_Party\LwIP\src\core\altcp.c", "C", 0, 0, 0, 0, 401, 0, 220, 61, 682
"c:\Users\13016\STM32CubeIDE\workspace_1.19.0\dispenserBeneth\Middlewares\Third_Party\LwIP\src\core\altcp_alloc.c", "C", 0, 0, 0, 0, 31, 0, 45, 12, 88
"c:\Users\13016\STM32CubeIDE\workspace_1.19.0\dispenserBeneth\Middlewares\Third_Party\LwIP\src\core\altcp_tcp.c", "C", 0, 0, 0, 0, 437, 0, 60, 47, 544
"c:\Users\13016\STM32CubeIDE\workspace_1.19.0\dispenserBeneth\Middlewares\Third_Party\LwIP\src\core\def.c", "C", 0, 0, 0, 0, 118, 0, 107, 16, 241
"c:\Users\13016\STM32CubeIDE\workspace_1.19.0\dispenserBeneth\Middlewares\Third_Party\LwIP\src\core\dns.c", "C", 0, 0, 0, 0, 1088, 0, 416, 128, 1632
"c:\Users\13016\STM32CubeIDE\workspace_1.19.0\dispenserBeneth\Middlewares\Third_Party\LwIP\src\core\inet_chksum.c", "C", 0, 0, 0, 0, 327, 0, 219, 63, 609
"c:\Users\13016\STM32CubeIDE\workspace_1.19.0\dispenserBeneth\Middlewares\Third_Party\LwIP\src\core\init.c", "C", 0, 0, 0, 0, 315, 0, 49, 17, 381
"c:\Users\13016\STM32CubeIDE\workspace_1.19.0\dispenserBeneth\Middlewares\Third_Party\LwIP\src\core\ip.c", "C", 0, 0, 0, 0, 64, 0, 90, 14, 168
"c:\Users\13016\STM32CubeIDE\workspace_1.19.0\dispenserBeneth\Middlewares\Third_Party\LwIP\src\core\ipv4\autoip.c", "C", 0, 0, 0, 0, 283, 0, 189, 56, 528
"c:\Users\13016\STM32CubeIDE\workspace_1.19.0\dispenserBeneth\Middlewares\Third_Party\LwIP\src\core\ipv4\dhcp.c", "C", 0, 0, 0, 0, 1328, 0, 480, 183, 1991
"c:\Users\13016\STM32CubeIDE\workspace_1.19.0\dispenserBeneth\Middlewares\Third_Party\LwIP\src\core\ipv4\etharp.c", "C", 0, 0, 0, 0, 670, 0, 441, 94, 1205
"c:\Users\13016\STM32CubeIDE\workspace_1.19.0\dispenserBeneth\Middlewares\Third_Party\LwIP\src\core\ipv4\icmp.c", "C", 0, 0, 0, 0, 271, 0, 105, 29, 405
"c:\Users\13016\STM32CubeIDE\workspace_1.19.0\dispenserBeneth\Middlewares\Third_Party\LwIP\src\core\ipv4\igmp.c", "C", 0, 0, 0, 0, 435, 0, 262, 105, 802
"c:\Users\13016\STM32CubeIDE\workspace_1.19.0\dispenserBeneth\Middlewares\Third_Party\LwIP\src\core\ipv4\ip4.c", "C", 0, 0, 0, 0, 770, 0, 267, 96, 1133
"c:\Users\13016\STM32CubeIDE\workspace_1.19.0\dispenserBeneth\Middlewares\Third_Party\LwIP\src\core\ipv4\ip4_addr.c", "C", 0, 0, 0, 0, 184, 0, 114, 24, 322
"c:\Users\13016\STM32CubeIDE\workspace_1.19.0\dispenserBeneth\Middlewares\Third_Party\LwIP\src\core\ipv4\ip4_frag.c", "C", 0, 0, 0, 0, 559, 0, 260, 76, 895
"c:\Users\13016\STM32CubeIDE\workspace_1.19.0\dispenserBeneth\Middlewares\Third_Party\LwIP\src\core\ipv6\dhcp6.c", "C", 0, 0, 0, 0, 519, 0, 201, 93, 813
"c:\Users\13016\STM32CubeIDE\workspace_1.19.0\dispenserBeneth\Middlewares\Third_Party\LwIP\src\core\ipv6\ethip6.c", "C", 0, 0, 0, 0, 41, 0, 67, 16, 124
"c:\Users\13016\STM32CubeIDE\workspace_1.19.0\dispenserBeneth\Middlewares\Third_Party\LwIP\src\core\ipv6\icmp6.c", "C", 0, 0, 0, 0, 216, 0, 169, 41, 426
"c:\Users\13016\STM32CubeIDE\workspace_1.19.0\dispenserBeneth\Middlewares\Third_Party\LwIP\src\core\ipv6\inet6.c", "C", 0, 0, 0, 0, 6, 0, 41, 7, 54
"c:\Users\13016\STM32CubeIDE\workspace_1.19.0\dispenserBeneth\Middlewares\Third_Party\LwIP\src\core\ipv6\ip6.c", "C", 0, 0, 0, 0, 986, 0, 376, 131, 1493
"c:\Users\13016\STM32CubeIDE\workspace_1.19.0\dispenserBeneth\Middlewares\Third_Party\LwIP\src\core\ipv6\ip6_addr.c", "C", 0, 0, 0, 0, 226, 0, 89, 29, 344
"c:\Users\13016\STM32CubeIDE\workspace_1.19.0\dispenserBeneth\Middlewares\Third_Party\LwIP\src\core\ipv6\ip6_frag.c", "C", 0, 0, 0, 0, 536, 0, 243, 84, 863
"c:\Users\13016\STM32CubeIDE\workspace_1.19.0\dispenserBeneth\Middlewares\Third_Party\LwIP\src\core\ipv6\mld6.c", "C", 0, 0, 0, 0, 331, 0, 214, 82, 627
"c:\Users\13016\STM32CubeIDE\workspace_1.19.0\dispenserBeneth\Middlewares\Third_Party\LwIP\src\core\ipv6\nd6.c", "C", 0, 0, 0, 0, 1562, 0, 625, 248, 2435
"c:\Users\13016\STM32CubeIDE\workspace_1.19.0\dispenserBeneth\Middlewares\Third_Party\LwIP\src\core\mem.c", "C", 0, 0, 0, 0, 630, 0, 290, 98, 1018
"c:\Users\13016\STM32CubeIDE\workspace_1.19.0\dispenserBeneth\Middlewares\Third_Party\LwIP\src\core\memp.c", "C", 0, 0, 0, 0, 285, 0, 109, 54, 448
"c:\Users\13016\STM32CubeIDE\workspace_1.19.0\dispenserBeneth\Middlewares\Third_Party\LwIP\src\core\netif.c", "C", 0, 0, 0, 0, 1179, 0, 410, 207, 1796
"c:\Users\13016\STM32CubeIDE\workspace_1.19.0\dispenserBeneth\Middlewares\Third_Party\LwIP\src\core\pbuf.c", "C", 0, 0, 0, 0, 767, 0, 641, 107, 1515
"c:\Users\13016\STM32CubeIDE\workspace_1.19.0\dispenserBeneth\Middlewares\Third_Party\LwIP\src\core\raw.c", "C", 0, 0, 0, 0, 370, 0, 252, 50, 672
"c:\Users\13016\STM32CubeIDE\workspace_1.19.0\dispenserBeneth\Middlewares\Third_Party\LwIP\src\core\stats.c", "C", 0, 0, 0, 0, 117, 0, 36, 17, 170
"c:\Users\13016\STM32CubeIDE\workspace_1.19.0\dispenserBeneth\Middlewares\Third_Party\LwIP\src\core\sys.c", "C", 0, 0, 0, 0, 18, 0, 122, 9, 149
"c:\Users\13016\STM32CubeIDE\workspace_1.19.0\dispenserBeneth\Middlewares\Third_Party\LwIP\src\core\tcp.c", "C", 0, 0, 0, 0, 1634, 0, 823, 230, 2687
"c:\Users\13016\STM32CubeIDE\workspace_1.19.0\dispenserBeneth\Middlewares\Third_Party\LwIP\src\core\tcp_in.c", "C", 0, 0, 0, 0, 1414, 0, 595, 170, 2179
"c:\Users\13016\STM32CubeIDE\workspace_1.19.0\dispenserBeneth\Middlewares\Third_Party\LwIP\src\core\tcp_out.c", "C", 0, 0, 0, 0, 1343, 0, 615, 233, 2191
"c:\Users\13016\STM32CubeIDE\workspace_1.19.0\dispenserBeneth\Middlewares\Third_Party\LwIP\src\core\timeouts.c", "C", 0, 0, 0, 0, 284, 0, 113, 55, 452
"c:\Users\13016\STM32CubeIDE\workspace_1.19.0\dispenserBeneth\Middlewares\Third_Party\LwIP\src\core\udp.c", "C", 0, 0, 0, 0, 803, 0, 394, 118, 1315
"c:\Users\13016\STM32CubeIDE\workspace_1.19.0\dispenserBeneth\Middlewares\Third_Party\LwIP\src\include\compat\posix\arpa\inet.h", "C++", 0, 0, 0, 1, 0, 0, 30, 3, 34
"c:\Users\13016\STM32CubeIDE\workspace_1.19.0\dispenserBeneth\Middlewares\Third_Party\LwIP\src\include\compat\posix\net\if.h", "C++", 0, 0, 0, 1, 0, 0, 33, 3, 37
"c:\Users\13016\STM32CubeIDE\workspace_1.19.0\dispenserBeneth\Middlewares\Third_Party\LwIP\src\include\compat\posix\netdb.h", "C++", 0, 0, 0, 1, 0, 0, 30, 3, 34
"c:\Users\13016\STM32CubeIDE\workspace_1.19.0\dispenserBeneth\Middlewares\Third_Party\LwIP\src\include\compat\posix\sys\socket.h", "C++", 0, 0, 0, 1, 0, 0, 30, 3, 34
"c:\Users\13016\STM32CubeIDE\workspace_1.19.0\dispenserBeneth\Middlewares\Third_Party\LwIP\src\include\compat\stdc\errno.h", "C++", 0, 0, 0, 1, 0, 0, 30, 3, 34
"c:\Users\13016\STM32CubeIDE\workspace_1.19.0\dispenserBeneth\Middlewares\Third_Party\LwIP\src\include\lwip\altcp.h", "C++", 0, 0, 0, 119, 0, 0, 45, 38, 202
"c:\Users\13016\STM32CubeIDE\workspace_1.19.0\dispenserBeneth\Middlewares\Third_Party\LwIP\src\include\lwip\altcp_tcp.h", "C++", 0, 0, 0, 19, 0, 0, 41, 13, 73
"c:\Users\13016\STM32CubeIDE\workspace_1.19.0\dispenserBeneth\Middlewares\Third_Party\LwIP\src\include\lwip\altcp_tls.h", "C++", 0, 0, 0, 28, 0, 0, 72, 18, 118
"c:\Users\13016\STM32CubeIDE\workspace_1.19.0\dispenserBeneth\Middlewares\Third_Party\LwIP\src\include\lwip\api.h", "C++", 0, 0, 0, 238, 0, 0, 158, 36, 432
"c:\Users\13016\STM32CubeIDE\workspace_1.19.0\dispenserBeneth\Middlewares\Third_Party\LwIP\src\include\lwip\apps\altcp_proxyconnect.h", "C++", 0, 0, 0, 27, 0, 0, 38, 15, 80
"c:\Users\13016\STM32CubeIDE\workspace_1.19.0\dispenserBeneth\Middlewares\Third_Party\LwIP\src\include\lwip\apps\altcp_tls_mbedtls_opts.h", "C++", 0, 0, 0, 15, 0, 0, 44, 9, 68
"c:\Users\13016\STM32CubeIDE\workspace_1.19.0\dispenserBeneth\Middlewares\Third_Party\LwIP\src\include\lwip\apps\fs.h", "C++", 0, 0, 0, 75, 0, 0, 38, 14, 127
"c:\Users\13016\STM32CubeIDE\workspace_1.19.0\dispenserBeneth\Middlewares\Third_Party\LwIP\src\include\lwip\apps\http_client.h", "C++", 0, 0, 0, 56, 0, 0, 85, 20, 161
"c:\Users\13016\STM32CubeIDE\workspace_1.19.0\dispenserBeneth\Middlewares\Third_Party\LwIP\src\include\lwip\apps\httpd.h", "C++", 0, 0, 0, 67, 0, 0, 159, 30, 256
"c:\Users\13016\STM32CubeIDE\workspace_1.19.0\dispenserBeneth\Middlewares\Third_Party\LwIP\src\include\lwip\apps\httpd_opts.h", "C++", 0, 0, 0, 148, 0, 0, 197, 52, 397
"c:\Users\13016\STM32CubeIDE\workspace_1.19.0\dispenserBeneth\Middlewares\Third_Party\LwIP\src\include\lwip\apps\lwiperf.h", "C++", 0, 0, 0, 39, 0, 0, 49, 13, 101
"c:\Users\13016\STM32CubeIDE\workspace_1.19.0\dispenserBeneth\Middlewares\Third_Party\LwIP\src\include\lwip\apps\mdns.h", "C++", 0, 0, 0, 36, 0, 0, 48, 22, 106
"c:\Users\13016\STM32CubeIDE\workspace_1.19.0\dispenserBeneth\Middlewares\Third_Party\LwIP\src\include\lwip\apps\mdns_opts.h", "C++", 0, 0, 0, 16, 0, 0, 54, 12, 82
"c:\Users\13016\STM32CubeIDE\workspace_1.19.0\dispenserBeneth\Middlewares\Third_Party\LwIP\src\include\lwip\apps\mdns_priv.h", "C++", 0, 0, 0, 24, 0, 0, 39, 12, 75
"c:\Users\13016\STM32CubeIDE\workspace_1.19.0\dispenserBeneth\Middlewares\Third_Party\LwIP\src\include\lwip\apps\mqtt.h", "C++", 0, 0, 0, 63, 0, 0, 114, 29, 206
"c:\Users\13016\STM32CubeIDE\workspace_1.19.0\dispenserBeneth\Middlewares\Third_Party\LwIP\src\include\lwip\apps\mqtt_opts.h", "C++", 0, 0, 0, 28, 0, 0, 62, 14, 104
"c:\Users\13016\STM32CubeIDE\workspace_1.19.0\dispenserBeneth\Middlewares\Third_Party\LwIP\src\include\lwip\apps\mqtt_priv.h", "C++", 0, 0, 0, 44, 0, 0, 52, 9, 105
"c:\Users\13016\STM32CubeIDE\workspace_1.19.0\dispenserBeneth\Middlewares\Third_Party\LwIP\src\include\lwip\apps\netbiosns.h", "C++", 0, 0, 0, 15, 0, 0, 30, 7, 52
"c:\Users\13016\STM32CubeIDE\workspace_1.19.0\dispenserBeneth\Middlewares\Third_Party\LwIP\src\include\lwip\apps\netbiosns_opts.h", "C++", 0, 0, 0, 10, 0, 0, 49, 8, 67
"c:\Users\13016\STM32CubeIDE\workspace_1.19.0\dispenserBeneth\Middlewares\Third_Party\LwIP\src\include\lwip\apps\smtp.h", "C++", 0, 0, 0, 67, 0, 0, 43, 19, 129
"c:\Users\13016\STM32CubeIDE\workspace_1.19.0\dispenserBeneth\Middlewares\Third_Party\LwIP\src\include\lwip\apps\smtp_opts.h", "C++", 0, 0, 0, 41, 0, 0, 23, 18, 82
"c:\Users\13016\STM32CubeIDE\workspace_1.19.0\dispenserBeneth\Middlewares\Third_Party\LwIP\src\include\lwip\apps\snmp.h", "C++", 0, 0, 0, 59, 0, 0, 55, 22, 136
"c:\Users\13016\STM32CubeIDE\workspace_1.19.0\dispenserBeneth\Middlewares\Third_Party\LwIP\src\include\lwip\apps\snmp_core.h", "C++", 0, 0, 0, 245, 0, 0, 77, 56, 378
"c:\Users\13016\STM32CubeIDE\workspace_1.19.0\dispenserBeneth\Middlewares\Third_Party\LwIP\src\include\lwip\apps\snmp_mib2.h", "C++", 0, 0, 0, 31, 0, 0, 35, 13, 79
"c:\Users\13016\STM32CubeIDE\workspace_1.19.0\dispenserBeneth\Middlewares\Third_Party\LwIP\src\include\lwip\apps\snmp_opts.h", "C++", 0, 0, 0, 96, 0, 0, 166, 36, 298
"c:\Users\13016\STM32CubeIDE\workspace_1.19.0\dispenserBeneth\Middlewares\Third_Party\LwIP\src\include\lwip\apps\snmp_scalar.h", "C++", 0, 0, 0, 55, 0, 0, 40, 19, 114
"c:\Users\13016\STM32CubeIDE\workspace_1.19.0\dispenserBeneth\Middlewares\Third_Party\LwIP\src\include\lwip\apps\snmp_snmpv2_framework.h", "C++", 0, 0, 0, 20, 0, 0, 3, 10, 33
"c:\Users\13016\STM32CubeIDE\workspace_1.19.0\dispenserBeneth\Middlewares\Third_Party\LwIP\src\include\lwip\apps\snmp_snmpv2_usm.h", "C++", 0, 0, 0, 14, 0, 0, 3, 8, 25
"c:\Users\13016\STM32CubeIDE\workspace_1.19.0\dispenserBeneth\Middlewares\Third_Party\LwIP\src\include\lwip\apps\snmp_table.h", "C++", 0, 0, 0, 70, 0, 0, 44, 21, 135
"c:\Users\13016\STM32CubeIDE\workspace_1.19.0\dispenserBeneth\Middlewares\Third_Party\LwIP\src\include\lwip\apps\snmp_threadsync.h", "C++", 0, 0, 0, 55, 0, 0, 41, 19, 115
"c:\Users\13016\STM32CubeIDE\workspace_1.19.0\dispenserBeneth\Middlewares\Third_Party\LwIP\src\include\lwip\apps\snmpv3.h", "C++", 0, 0, 0, 57, 0, 0, 37, 21, 115
"c:\Users\13016\STM32CubeIDE\workspace_1.19.0\dispenserBeneth\Middlewares\Third_Party\LwIP\src\include\lwip\apps\sntp.h", "C++", 0, 0, 0, 32, 0, 0, 37, 12, 81
"c:\Users\13016\STM32CubeIDE\workspace_1.19.0\dispenserBeneth\Middlewares\Third_Party\LwIP\src\include\lwip\apps\sntp_opts.h", "C++", 0, 0, 0, 60, 0, 0, 127, 23, 210
"c:\Users\13016\STM32CubeIDE\workspace_1.19.0\dispenserBeneth\Middlewares\Third_Party\LwIP\src\include\lwip\apps\tftp_opts.h", "C++", 0, 0, 0, 26, 0, 0, 67, 14, 107
"c:\Users\13016\STM32CubeIDE\workspace_1.19.0\dispenserBeneth\Middlewares\Third_Party\LwIP\src\include\lwip\apps\tftp_server.h", "C++", 0, 0, 0, 20, 0, 0, 67, 9, 96
"c:\Users\13016\STM32CubeIDE\workspace_1.19.0\dispenserBeneth\Middlewares\Third_Party\LwIP\src\include\lwip\arch.h", "C++", 0, 0, 0, 184, 0, 0, 167, 43, 394
"c:\Users\13016\STM32CubeIDE\workspace_1.19.0\dispenserBeneth\Middlewares\Third_Party\LwIP\src\include\lwip\autoip.h", "C++", 0, 0, 0, 35, 0, 0, 49, 16, 100
"c:\Users\13016\STM32CubeIDE\workspace_1.19.0\dispenserBeneth\Middlewares\Third_Party\LwIP\src\include\lwip\debug.h", "C++", 0, 0, 0, 57, 0, 0, 88, 17, 162
"c:\Users\13016\STM32CubeIDE\workspace_1.19.0\dispenserBeneth\Middlewares\Third_Party\LwIP\src\include\lwip\def.h", "C++", 0, 0, 0, 75, 0, 0, 60, 18, 153
"c:\Users\13016\STM32CubeIDE\workspace_1.19.0\dispenserBeneth\Middlewares\Third_Party\LwIP\src\include\lwip\dhcp.h", "C++", 0, 0, 0, 71, 0, 0, 50, 19, 140
"c:\Users\13016\STM32CubeIDE\workspace_1.19.0\dispenserBeneth\Middlewares\Third_Party\LwIP\src\include\lwip\dhcp6.h", "C++", 0, 0, 0, 38, 0, 0, 49, 18, 105
"c:\Users\13016\STM32CubeIDE\workspace_1.19.0\dispenserBeneth\Middlewares\Third_Party\LwIP\src\include\lwip\dns.h", "C++", 0, 0, 0, 66, 0, 0, 48, 18, 132
"c:\Users\13016\STM32CubeIDE\workspace_1.19.0\dispenserBeneth\Middlewares\Third_Party\LwIP\src\include\lwip\err.h", "C++", 0, 0, 0, 43, 0, 0, 63, 12, 118
"c:\Users\13016\STM32CubeIDE\workspace_1.19.0\dispenserBeneth\Middlewares\Third_Party\LwIP\src\include\lwip\errno.h", "C++", 0, 0, 0, 147, 0, 0, 37, 15, 199
"c:\Users\13016\STM32CubeIDE\workspace_1.19.0\dispenserBeneth\Middlewares\Third_Party\LwIP\src\include\lwip\etharp.h", "C++", 0, 0, 0, 42, 0, 0, 47, 17, 106
"c:\Users\13016\STM32CubeIDE\workspace_1.19.0\dispenserBeneth\Middlewares\Third_Party\LwIP\src\include\lwip\ethip6.h", "C++", 0, 0, 0, 17, 0, 0, 39, 13, 69
"c:\Users\13016\STM32CubeIDE\workspace_1.19.0\dispenserBeneth\Middlewares\Third_Party\LwIP\src\include\lwip\icmp.h", "C++", 0, 0, 0, 53, 0, 0, 45, 13, 111
"c:\Users\13016\STM32CubeIDE\workspace_1.19.0\dispenserBeneth\Middlewares\Third_Party\LwIP\src\include\lwip\icmp6.h", "C++", 0, 0, 0, 23, 0, 0, 39, 11, 73
"c:\Users\13016\STM32CubeIDE\workspace_1.19.0\dispenserBeneth\Middlewares\Third_Party\LwIP\src\include\lwip\if_api.h", "C++", 0, 0, 0, 20, 0, 0, 37, 12, 69
"c:\Users\13016\STM32CubeIDE\workspace_1.19.0\dispenserBeneth\Middlewares\Third_Party\LwIP\src\include\lwip\igmp.h", "C++", 0, 0, 0, 40, 0, 0, 62, 14, 116
"c:\Users\13016\STM32CubeIDE\workspace_1.19.0\dispenserBeneth\Middlewares\Third_Party\LwIP\src\include\lwip\inet.h", "C++", 0, 0, 0, 87, 0, 0, 55, 28, 170
"c:\Users\13016\STM32CubeIDE\workspace_1.19.0\dispenserBeneth\Middlewares\Third_Party\LwIP\src\include\lwip\inet_chksum.h", "C++", 0, 0, 0, 51, 0, 0, 39, 16, 106
"c:\Users\13016\STM32CubeIDE\workspace_1.19.0\dispenserBeneth\Middlewares\Third_Party\LwIP\src\include\lwip\init.h", "C++", 0, 0, 0, 32, 0, 0, 55, 14, 101
"c:\Users\13016\STM32CubeIDE\workspace_1.19.0\dispenserBeneth\Middlewares\Third_Party\LwIP\src\include\lwip\ip.h", "C++", 0, 0, 0, 170, 0, 0, 123, 38, 331
"c:\Users\13016\STM32CubeIDE\workspace_1.19.0\dispenserBeneth\Middlewares\Third_Party\LwIP\src\include\lwip\ip4.h", "C++", 0, 0, 0, 59, 0, 0, 36, 17, 112
"c:\Users\13016\STM32CubeIDE\workspace_1.19.0\dispenserBeneth\Middlewares\Third_Party\LwIP\src\include\lwip\ip4_addr.h", "C++", 0, 0, 0, 110, 0, 0, 75, 32, 217
"c:\Users\13016\STM32CubeIDE\workspace_1.19.0\dispenserBeneth\Middlewares\Third_Party\LwIP\src\include\lwip\ip4_frag.h", "C++", 0, 0, 0, 43, 0, 0, 44, 14, 101
"c:\Users\13016\STM32CubeIDE\workspace_1.19.0\dispenserBeneth\Middlewares\Third_Party\LwIP\src\include\lwip\ip6.h", "C++", 0, 0, 0, 41, 0, 0, 39, 14, 94
"c:\Users\13016\STM32CubeIDE\workspace_1.19.0\dispenserBeneth\Middlewares\Third_Party\LwIP\src\include\lwip\ip6_addr.h", "C++", 0, 0, 0, 212, 0, 0, 90, 51, 353
"c:\Users\13016\STM32CubeIDE\workspace_1.19.0\dispenserBeneth\Middlewares\Third_Party\LwIP\src\include\lwip\ip6_frag.h", "C++", 0, 0, 0, 60, 0, 0, 66, 19, 145
"c:\Users\13016\STM32CubeIDE\workspace_1.19.0\dispenserBeneth\Middlewares\Third_Party\LwIP\src\include\lwip\ip6_zone.h", "C++", 0, 0, 0, 76, 0, 0, 192, 37, 305
"c:\Users\13016\STM32CubeIDE\workspace_1.19.0\dispenserBeneth\Middlewares\Third_Party\LwIP\src\include\lwip\ip_addr.h", "C++", 0, 0, 0, 258, 0, 0, 131, 50, 439
"c:\Users\13016\STM32CubeIDE\workspace_1.19.0\dispenserBeneth\Middlewares\Third_Party\LwIP\src\include\lwip\mem.h", "C++", 0, 0, 0, 31, 0, 0, 38, 14, 83
"c:\Users\13016\STM32CubeIDE\workspace_1.19.0\dispenserBeneth\Middlewares\Third_Party\LwIP\src\include\lwip\memp.h", "C++", 0, 0, 0, 66, 0, 0, 69, 21, 156
"c:\Users\13016\STM32CubeIDE\workspace_1.19.0\dispenserBeneth\Middlewares\Third_Party\LwIP\src\include\lwip\mld6.h", "C++", 0, 0, 0, 33, 0, 0, 53, 14, 100
"c:\Users\13016\STM32CubeIDE\workspace_1.19.0\dispenserBeneth\Middlewares\Third_Party\LwIP\src\include\lwip\nd6.h", "C++", 0, 0, 0, 34, 0, 0, 43, 14, 91
"c:\Users\13016\STM32CubeIDE\workspace_1.19.0\dispenserBeneth\Middlewares\Third_Party\LwIP\src\include\lwip\netbuf.h", "C++", 0, 0, 0, 61, 0, 0, 41, 15, 117
"c:\Users\13016\STM32CubeIDE\workspace_1.19.0\dispenserBeneth\Middlewares\Third_Party\LwIP\src\include\lwip\netdb.h", "C++", 0, 0, 0, 87, 0, 0, 42, 22, 151
"c:\Users\13016\STM32CubeIDE\workspace_1.19.0\dispenserBeneth\Middlewares\Third_Party\LwIP\src\include\lwip\netif.h", "C++", 0, 0, 0, 373, 0, 0, 240, 57, 670
"c:\Users\13016\STM32CubeIDE\workspace_1.19.0\dispenserBeneth\Middlewares\Third_Party\LwIP\src\include\lwip\netifapi.h", "C++", 0, 0, 0, 53, 0, 0, 91, 18, 162
"c:\Users\13016\STM32CubeIDE\workspace_1.19.0\dispenserBeneth\Middlewares\Third_Party\LwIP\src\include\lwip\opt.h", "C++", 0, 0, 0, 1020, 0, 0, 2167, 333, 3520
"c:\Users\13016\STM32CubeIDE\workspace_1.19.0\dispenserBeneth\Middlewares\Third_Party\LwIP\src\include\lwip\pbuf.h", "C++", 0, 0, 0, 130, 0, 0, 157, 36, 323
"c:\Users\13016\STM32CubeIDE\workspace_1.19.0\dispenserBeneth\Middlewares\Third_Party\LwIP\src\include\lwip\priv\altcp_priv.h", "C++", 0, 0, 0, 86, 0, 0, 40, 21, 147
"c:\Users\13016\STM32CubeIDE\workspace_1.19.0\dispenserBeneth\Middlewares\Third_Party\LwIP\src\include\lwip\priv\api_msg.h", "C++", 0, 0, 0, 177, 0, 0, 72, 24, 273
"c:\Users\13016\STM32CubeIDE\workspace_1.19.0\dispenserBeneth\Middlewares\Third_Party\LwIP\src\include\lwip\priv\mem_priv.h", "C++", 0, 0, 0, 31, 0, 0, 43, 11, 85
"c:\Users\13016\STM32CubeIDE\workspace_1.19.0\dispenserBeneth\Middlewares\Third_Party\LwIP\src\include\lwip\priv\memp_priv.h", "C++", 0, 0, 0, 82, 0, 0, 54, 26, 162
"c:\Users\13016\STM32CubeIDE\workspace_1.19.0\dispenserBeneth\Middlewares\Third_Party\LwIP\src\include\lwip\priv\memp_std.h", "C++", 0, 0, 0, 87, 0, 0, 44, 23, 154
"c:\Users\13016\STM32CubeIDE\workspace_1.19.0\dispenserBeneth\Middlewares\Third_Party\LwIP\src\include\lwip\priv\nd6_priv.h", "C++", 0, 0, 0, 71, 0, 0, 51, 21, 143
"c:\Users\13016\STM32CubeIDE\workspace_1.19.0\dispenserBeneth\Middlewares\Third_Party\LwIP\src\include\lwip\priv\raw_priv.h", "C++", 0, 0, 0, 21, 0, 0, 37, 12, 70
"c:\Users\13016\STM32CubeIDE\workspace_1.19.0\dispenserBeneth\Middlewares\Third_Party\LwIP\src\include\lwip\priv\sockets_priv.h", "C++", 0, 0, 0, 86, 0, 0, 70, 20, 176
"c:\Users\13016\STM32CubeIDE\workspace_1.19.0\dispenserBeneth\Middlewares\Third_Party\LwIP\src\include\lwip\priv\tcp_priv.h", "C++", 0, 0, 0, 363, 0, 0, 84, 77, 524
"c:\Users\13016\STM32CubeIDE\workspace_1.19.0\dispenserBeneth\Middlewares\Third_Party\LwIP\src\include\lwip\priv\tcpip_priv.h", "C++", 0, 0, 0, 121, 0, 0, 35, 15, 171
"c:\Users\13016\STM32CubeIDE\workspace_1.19.0\dispenserBeneth\Middlewares\Third_Party\LwIP\src\include\lwip\prot\autoip.h", "C++", 0, 0, 0, 28, 0, 0, 42, 9, 79
"c:\Users\13016\STM32CubeIDE\workspace_1.19.0\dispenserBeneth\Middlewares\Third_Party\LwIP\src\include\lwip\prot\dhcp.h", "C++", 0, 0, 0, 109, 0, 0, 48, 22, 179
"c:\Users\13016\STM32CubeIDE\workspace_1.19.0\dispenserBeneth\Middlewares\Third_Party\LwIP\src\include\lwip\prot\dhcp6.h", "C++", 0, 0, 0, 76, 0, 0, 46, 17, 139
"c:\Users\13016\STM32CubeIDE\workspace_1.19.0\dispenserBeneth\Middlewares\Third_Party\LwIP\src\include\lwip\prot\dns.h", "C++", 0, 0, 0, 77, 0, 0, 46, 18, 141
"c:\Users\13016\STM32CubeIDE\workspace_1.19.0\dispenserBeneth\Middlewares\Third_Party\LwIP\src\include\lwip\prot\etharp.h", "C++", 0, 0, 0, 55, 0, 0, 47, 13, 115
"c:\Users\13016\STM32CubeIDE\workspace_1.19.0\dispenserBeneth\Middlewares\Third_Party\LwIP\src\include\lwip\prot\ethernet.h", "C++", 0, 0, 0, 67, 0, 0, 43, 16, 126
"c:\Users\13016\STM32CubeIDE\workspace_1.19.0\dispenserBeneth\Middlewares\Third_Party\LwIP\src\include\lwip\prot\iana.h", "C++", 0, 0, 0, 28, 0, 0, 62, 8, 98
"c:\Users\13016\STM32CubeIDE\workspace_1.19.0\dispenserBeneth\Middlewares\Third_Party\LwIP\src\include\lwip\prot\icmp.h", "C++", 0, 0, 0, 42, 0, 0, 41, 9, 92
"c:\Users\13016\STM32CubeIDE\workspace_1.19.0\dispenserBeneth\Middlewares\Third_Party\LwIP\src\include\lwip\prot\icmp6.h", "C++", 0, 0, 0, 82, 0, 0, 76, 13, 171
"c:\Users\13016\STM32CubeIDE\workspace_1.19.0\dispenserBeneth\Middlewares\Third_Party\LwIP\src\include\lwip\prot\ieee.h", "C++", 0, 0, 0, 27, 0, 0, 58, 7, 92
"c:\Users\13016\STM32CubeIDE\workspace_1.19.0\dispenserBeneth\Middlewares\Third_Party\LwIP\src\include\lwip\prot\igmp.h", "C++", 0, 0, 0, 36, 0, 0, 45, 10, 91
"c:\Users\13016\STM32CubeIDE\workspace_1.19.0\dispenserBeneth\Middlewares\Third_Party\LwIP\src\include\lwip\prot\ip.h", "C++", 0, 0, 0, 16, 0, 0, 36, 8, 60
"c:\Users\13016\STM32CubeIDE\workspace_1.19.0\dispenserBeneth\Middlewares\Third_Party\LwIP\src\include\lwip\prot\ip4.h", "C++", 0, 0, 0, 68, 0, 0, 51, 13, 132
"c:\Users\13016\STM32CubeIDE\workspace_1.19.0\dispenserBeneth\Middlewares\Third_Party\LwIP\src\include\lwip\prot\ip6.h", "C++", 0, 0, 0, 152, 0, 0, 62, 20, 234
"c:\Users\13016\STM32CubeIDE\workspace_1.19.0\dispenserBeneth\Middlewares\Third_Party\LwIP\src\include\lwip\prot\mld6.h", "C++", 0, 0, 0, 28, 0, 0, 37, 7, 72
"c:\Users\13016\STM32CubeIDE\workspace_1.19.0\dispenserBeneth\Middlewares\Third_Party\LwIP\src\include\lwip\prot\nd6.h", "C++", 0, 0, 0, 204, 0, 0, 53, 18, 275
"c:\Users\13016\STM32CubeIDE\workspace_1.19.0\dispenserBeneth\Middlewares\Third_Party\LwIP\src\include\lwip\prot\tcp.h", "C++", 0, 0, 0, 47, 0, 0, 41, 13, 101
"c:\Users\13016\STM32CubeIDE\workspace_1.19.0\dispenserBeneth\Middlewares\Third_Party\LwIP\src\include\lwip\prot\udp.h", "C++", 0, 0, 0, 25, 0, 0, 36, 8, 69
"c:\Users\13016\STM32CubeIDE\workspace_1.19.0\dispenserBeneth\Middlewares\Third_Party\LwIP\src\include\lwip\raw.h", "C++", 0, 0, 0, 63, 0, 0, 56, 25, 144
"c:\Users\13016\STM32CubeIDE\workspace_1.19.0\dispenserBeneth\Middlewares\Third_Party\LwIP\src\include\lwip\sio.h", "C++", 0, 0, 0, 35, 0, 0, 92, 16, 143
"c:\Users\13016\STM32CubeIDE\workspace_1.19.0\dispenserBeneth\Middlewares\Third_Party\LwIP\src\include\lwip\snmp.h", "C++", 0, 0, 0, 120, 0, 0, 72, 22, 214
"c:\Users\13016\STM32CubeIDE\workspace_1.19.0\dispenserBeneth\Middlewares\Third_Party\LwIP\src\include\lwip\sockets.h", "C++", 0, 0, 0, 448, 0, 0, 165, 76, 689
"c:\Users\13016\STM32CubeIDE\workspace_1.19.0\dispenserBeneth\Middlewares\Third_Party\LwIP\src\include\lwip\stats.h", "C++", 0, 0, 0, 349, 0, 0, 101, 42, 492
"c:\Users\13016\STM32CubeIDE\workspace_1.19.0\dispenserBeneth\Middlewares\Third_Party\LwIP\src\include\lwip\sys.h", "C++", 0, 0, 0, 173, 0, 0, 341, 47, 561
"c:\Users\13016\STM32CubeIDE\workspace_1.19.0\dispenserBeneth\Middlewares\Third_Party\LwIP\src\include\lwip\tcp.h", "C++", 0, 0, 0, 261, 0, 0, 164, 76, 501
"c:\Users\13016\STM32CubeIDE\workspace_1.19.0\dispenserBeneth\Middlewares\Third_Party\LwIP\src\include\lwip\tcpbase.h", "C++", 0, 0, 0, 37, 0, 0, 38, 14, 89
"c:\Users\13016\STM32CubeIDE\workspace_1.19.0\dispenserBeneth\Middlewares\Third_Party\LwIP\src\include\lwip\tcpip.h", "C++", 0, 0, 0, 49, 0, 0, 45, 20, 114
"c:\Users\13016\STM32CubeIDE\workspace_1.19.0\dispenserBeneth\Middlewares\Third_Party\LwIP\src\include\lwip\timeouts.h", "C++", 0, 0, 0, 59, 0, 0, 51, 19, 129
"c:\Users\13016\STM32CubeIDE\workspace_1.19.0\dispenserBeneth\Middlewares\Third_Party\LwIP\src\include\lwip\udp.h", "C++", 0, 0, 0, 102, 0, 0, 65, 29, 196
"c:\Users\13016\STM32CubeIDE\workspace_1.19.0\dispenserBeneth\Middlewares\Third_Party\LwIP\src\include\netif\bridgeif.h", "C++", 0, 0, 0, 57, 0, 0, 56, 15, 128
"c:\Users\13016\STM32CubeIDE\workspace_1.19.0\dispenserBeneth\Middlewares\Third_Party\LwIP\src\include\netif\bridgeif_opts.h", "C++", 0, 0, 0, 19, 0, 0, 60, 12, 91
"c:\Users\13016\STM32CubeIDE\workspace_1.19.0\dispenserBeneth\Middlewares\Third_Party\LwIP\src\include\netif\etharp.h", "C++", 0, 0, 0, 2, 0, 0, 1, 1, 4
"c:\Users\13016\STM32CubeIDE\workspace_1.19.0\dispenserBeneth\Middlewares\Third_Party\LwIP\src\include\netif\ethernet.h", "C++", 0, 0, 0, 21, 0, 0, 44, 13, 78
"c:\Users\13016\STM32CubeIDE\workspace_1.19.0\dispenserBeneth\Middlewares\Third_Party\LwIP\src\include\netif\ieee802154.h", "C++", 0, 0, 0, 55, 0, 0, 49, 9, 113
"c:\Users\13016\STM32CubeIDE\workspace_1.19.0\dispenserBeneth\Middlewares\Third_Party\LwIP\src\include\netif\lowpan6.h", "C++", 0, 0, 0, 32, 0, 0, 41, 17, 90
"c:\Users\13016\STM32CubeIDE\workspace_1.19.0\dispenserBeneth\Middlewares\Third_Party\LwIP\src\include\netif\lowpan6_ble.h", "C++", 0, 0, 0, 30, 0, 0, 36, 13, 79
"c:\Users\13016\STM32CubeIDE\workspace_1.19.0\dispenserBeneth\Middlewares\Third_Party\LwIP\src\include\netif\lowpan6_common.h", "C++", 0, 0, 0, 28, 0, 0, 42, 13, 83
"c:\Users\13016\STM32CubeIDE\workspace_1.19.0\dispenserBeneth\Middlewares\Third_Party\LwIP\src\include\netif\lowpan6_opts.h", "C++", 0, 0, 0, 37, 0, 0, 69, 17, 123
"c:\Users\13016\STM32CubeIDE\workspace_1.19.0\dispenserBeneth\Middlewares\Third_Party\LwIP\src\include\netif\ppp\ccp.h", "C++", 0, 0, 0, 84, 0, 0, 53, 28, 165
"c:\Users\13016\STM32CubeIDE\workspace_1.19.0\dispenserBeneth\Middlewares\Third_Party\LwIP\src\include\netif\ppp\chap-md5.h", "C++", 0, 0, 0, 4, 0, 0, 29, 4, 37
"c:\Users\13016\STM32CubeIDE\workspace_1.19.0\dispenserBeneth\Middlewares\Third_Party\LwIP\src\include\netif\ppp\chap-new.h", "C++", 0, 0, 0, 112, 0, 0, 64, 25, 201
"c:\Users\13016\STM32CubeIDE\workspace_1.19.0\dispenserBeneth\Middlewares\Third_Party\LwIP\src\include\netif\ppp\chap_ms.h", "C++", 0, 0, 0, 8, 0, 0, 31, 6, 45
"c:\Users\13016\STM32CubeIDE\workspace_1.19.0\dispenserBeneth\Middlewares\Third_Party\LwIP\src\include\netif\ppp\eap.h", "C++", 0, 0, 0, 111, 0, 0, 35, 24, 170
"c:\Users\13016\STM32CubeIDE\workspace_1.19.0\dispenserBeneth\Middlewares\Third_Party\LwIP\src\include\netif\ppp\ecp.h", "C++", 0, 0, 0, 22, 0, 0, 32, 9, 63
"c:\Users\13016\STM32CubeIDE\workspace_1.19.0\dispenserBeneth\Middlewares\Third_Party\LwIP\src\include\netif\ppp\eui64.h", "C++", 0, 0, 0, 48, 0, 0, 41, 14, 103
"c:\Users\13016\STM32CubeIDE\workspace_1.19.0\dispenserBeneth\Middlewares\Third_Party\LwIP\src\include\netif\ppp\fsm.h", "C++", 0, 0, 0, 95, 0, 0, 66, 22, 183
"c:\Users\13016\STM32CubeIDE\workspace_1.19.0\dispenserBeneth\Middlewares\Third_Party\LwIP\src\include\netif\ppp\ipcp.h", "C++", 0, 0, 0, 71, 0, 0, 48, 16, 135
"c:\Users\13016\STM32CubeIDE\workspace_1.19.0\dispenserBeneth\Middlewares\Third_Party\LwIP\src\include\netif\ppp\ipv6cp.h", "C++", 0, 0, 0, 36, 0, 0, 143, 13, 192
"c:\Users\13016\STM32CubeIDE\workspace_1.19.0\dispenserBeneth\Middlewares\Third_Party\LwIP\src\include\netif\ppp\lcp.h", "C++", 0, 0, 0, 107, 0, 0, 56, 17, 180
"c:\Users\13016\STM32CubeIDE\workspace_1.19.0\dispenserBeneth\Middlewares\Third_Party\LwIP\src\include\netif\ppp\magic.h", "C++", 0, 0, 0, 17, 0, 0, 101, 13, 131
"c:\Users\13016\STM32CubeIDE\workspace_1.19.0\dispenserBeneth\Middlewares\Third_Party\LwIP\src\include\netif\ppp\mppe.h", "C++", 0, 0, 0, 112, 0, 0, 53, 17, 182
"c:\Users\13016\STM32CubeIDE\workspace_1.19.0\dispenserBeneth\Middlewares\Third_Party\LwIP\src\include\netif\ppp\ppp.h", "C++", 0, 0, 0, 371, 0, 0, 246, 82, 699
"c:\Users\13016\STM32CubeIDE\workspace_1.19.0\dispenserBeneth\Middlewares\Third_Party\LwIP\src\include\netif\ppp\ppp_impl.h", "C++", 0, 0, 0, 408, 0, 0, 239, 76, 723
"c:\Users\13016\STM32CubeIDE\workspace_1.19.0\dispenserBeneth\Middlewares\Third_Party\LwIP\src\include\netif\ppp\ppp_opts.h", "C++", 0, 0, 0, 247, 0, 0, 283, 81, 611
"c:\Users\13016\STM32CubeIDE\workspace_1.19.0\dispenserBeneth\Middlewares\Third_Party\LwIP\src\include\netif\ppp\pppapi.h", "C++", 0, 0, 0, 99, 0, 0, 27, 12, 138
"c:\Users\13016\STM32CubeIDE\workspace_1.19.0\dispenserBeneth\Middlewares\Third_Party\LwIP\src\include\netif\ppp\pppcrypt.h", "C++", 0, 0, 0, 79, 0, 0, 42, 24, 145
"c:\Users\13016\STM32CubeIDE\workspace_1.19.0\dispenserBeneth\Middlewares\Third_Party\LwIP\src\include\netif\ppp\pppdebug.h", "C++", 0, 0, 0, 40, 0, 0, 36, 13, 89
"c:\Users\13016\STM32CubeIDE\workspace_1.19.0\dispenserBeneth\Middlewares\Third_Party\LwIP\src\include\netif\ppp\pppoe.h", "C++", 0, 0, 0, 92, 0, 0, 70, 26, 188
"c:\Users\13016\STM32CubeIDE\workspace_1.19.0\dispenserBeneth\Middlewares\Third_Party\LwIP\src\include\netif\ppp\pppol2tp.h", "C++", 0, 0, 0, 108, 0, 0, 63, 39, 210
"c:\Users\13016\STM32CubeIDE\workspace_1.19.0\dispenserBeneth\Middlewares\Third_Party\LwIP\src\include\netif\ppp\pppos.h", "C++", 0, 0, 0, 51, 0, 0, 55, 21, 127
"c:\Users\13016\STM32CubeIDE\workspace_1.19.0\dispenserBeneth\Middlewares\Third_Party\LwIP\src\include\netif\ppp\upap.h", "C++", 0, 0, 0, 52, 0, 0, 61, 19, 132
"c:\Users\13016\STM32CubeIDE\workspace_1.19.0\dispenserBeneth\Middlewares\Third_Party\LwIP\src\include\netif\ppp\vj.h", "C++", 0, 0, 0, 71, 0, 0, 77, 22, 170
"c:\Users\13016\STM32CubeIDE\workspace_1.19.0\dispenserBeneth\Middlewares\Third_Party\LwIP\src\include\netif\slipif.h", "C++", 0, 0, 0, 27, 0, 0, 50, 11, 88
"c:\Users\13016\STM32CubeIDE\workspace_1.19.0\dispenserBeneth\Middlewares\Third_Party\LwIP\src\include\netif\zepif.h", "C++", 0, 0, 0, 24, 0, 0, 45, 13, 82
"c:\Users\13016\STM32CubeIDE\workspace_1.19.0\dispenserBeneth\Middlewares\Third_Party\LwIP\src\netif\bridgeif.c", "C", 0, 0, 0, 0, 339, 0, 171, 54, 564
"c:\Users\13016\STM32CubeIDE\workspace_1.19.0\dispenserBeneth\Middlewares\Third_Party\LwIP\src\netif\bridgeif_fdb.c", "C", 0, 0, 0, 0, 128, 0, 66, 19, 213
"c:\Users\13016\STM32CubeIDE\workspace_1.19.0\dispenserBeneth\Middlewares\Third_Party\LwIP\src\netif\ethernet.c", "C", 0, 0, 0, 0, 203, 0, 84, 35, 322
"c:\Users\13016\STM32CubeIDE\workspace_1.19.0\dispenserBeneth\Middlewares\Third_Party\LwIP\src\netif\lowpan6.c", "C", 0, 0, 0, 0, 599, 0, 222, 100, 921
"c:\Users\13016\STM32CubeIDE\workspace_1.19.0\dispenserBeneth\Middlewares\Third_Party\LwIP\src\netif\lowpan6_ble.c", "C", 0, 0, 0, 0, 203, 0, 199, 46, 448
"c:\Users\13016\STM32CubeIDE\workspace_1.19.0\dispenserBeneth\Middlewares\Third_Party\LwIP\src\netif\lowpan6_common.c", "C", 0, 0, 0, 0, 585, 0, 184, 73, 842
"c:\Users\13016\STM32CubeIDE\workspace_1.19.0\dispenserBeneth\Middlewares\Third_Party\LwIP\src\netif\ppp\auth.c", "C", 0, 0, 0, 0, 1797, 0, 468, 246, 2511
"c:\Users\13016\STM32CubeIDE\workspace_1.19.0\dispenserBeneth\Middlewares\Third_Party\LwIP\src\netif\ppp\ccp.c", "C", 0, 0, 0, 0, 1325, 0, 277, 139, 1741
"c:\Users\13016\STM32CubeIDE\workspace_1.19.0\dispenserBeneth\Middlewares\Third_Party\LwIP\src\netif\ppp\chap-md5.c", "C", 0, 0, 0, 0, 81, 0, 31, 15, 127
"c:\Users\13016\STM32CubeIDE\workspace_1.19.0\dispenserBeneth\Middlewares\Third_Party\LwIP\src\netif\ppp\chap-new.c", "C", 0, 0, 0, 0, 512, 0, 94, 72, 678
"c:\Users\13016\STM32CubeIDE\workspace_1.19.0\dispenserBeneth\Middlewares\Third_Party\LwIP\src\netif\ppp\chap_ms.c", "C", 0, 0, 0, 0, 619, 0, 217, 127, 963
"c:\Users\13016\STM32CubeIDE\workspace_1.19.0\dispenserBeneth\Middlewares\Third_Party\LwIP\src\netif\ppp\demand.c", "C", 0, 0, 0, 0, 336, 0, 83, 47, 466
"c:\Users\13016\STM32CubeIDE\workspace_1.19.0\dispenserBeneth\Middlewares\Third_Party\LwIP\src\netif\ppp\eap.c", "C", 0, 0, 0, 0, 1901, 0, 289, 234, 2424
"c:\Users\13016\STM32CubeIDE\workspace_1.19.0\dispenserBeneth\Middlewares\Third_Party\LwIP\src\netif\ppp\ecp.c", "C", 0, 0, 0, 0, 99, 0, 75, 18, 192
"c:\Users\13016\STM32CubeIDE\workspace_1.19.0\dispenserBeneth\Middlewares\Third_Party\LwIP\src\netif\ppp\eui64.c", "C", 0, 0, 0, 0, 12, 0, 39, 6, 57
"c:\Users\13016\STM32CubeIDE\workspace_1.19.0\dispenserBeneth\Middlewares\Third_Party\LwIP\src\netif\ppp\fsm.c", "C", 0, 0, 0, 0, 527, 0, 164, 109, 800
"c:\Users\13016\STM32CubeIDE\workspace_1.19.0\dispenserBeneth\Middlewares\Third_Party\LwIP\src\netif\ppp\ipcp.c", "C", 0, 0, 0, 0, 1784, 0, 387, 248, 2419
"c:\Users\13016\STM32CubeIDE\workspace_1.19.0\dispenserBeneth\Middlewares\Third_Party\LwIP\src\netif\ppp\ipv6cp.c", "C", 0, 0, 0, 0, 975, 0, 379, 180, 1534
"c:\Users\13016\STM32CubeIDE\workspace_1.19.0\dispenserBeneth\Middlewares\Third_Party\LwIP\src\netif\ppp\lcp.c", "C", 0, 0, 0, 0, 2126, 0, 430, 235, 2791
"c:\Users\13016\STM32CubeIDE\workspace_1.19.0\dispenserBeneth\Middlewares\Third_Party\LwIP\src\netif\ppp\magic.c", "C", 0, 0, 0, 0, 108, 0, 161, 26, 295
"c:\Users\13016\STM32CubeIDE\workspace_1.19.0\dispenserBeneth\Middlewares\Third_Party\LwIP\src\netif\ppp\mppe.c", "C", 0, 0, 0, 0, 242, 0, 118, 53, 413
"c:\Users\13016\STM32CubeIDE\workspace_1.19.0\dispenserBeneth\Middlewares\Third_Party\LwIP\src\netif\ppp\multilink.c", "C", 0, 0, 0, 0, 468, 0, 80, 62, 610
"c:\Users\13016\STM32CubeIDE\workspace_1.19.0\dispenserBeneth\Middlewares\Third_Party\LwIP\src\netif\ppp\ppp.c", "C", 0, 0, 0, 0, 1057, 0, 399, 173, 1629
"c:\Users\13016\STM32CubeIDE\workspace_1.19.0\dispenserBeneth\Middlewares\Third_Party\LwIP\src\netif\ppp\pppapi.c", "C", 0, 0, 0, 0, 250, 0, 121, 57, 428
"c:\Users\13016\STM32CubeIDE\workspace_1.19.0\dispenserBeneth\Middlewares\Third_Party\LwIP\src\netif\ppp\pppcrypt.c", "C", 0, 0, 0, 0, 22, 0, 34, 11, 67
"c:\Users\13016\STM32CubeIDE\workspace_1.19.0\dispenserBeneth\Middlewares\Third_Party\LwIP\src\netif\ppp\pppoe.c", "C", 0, 0, 0, 0, 926, 0, 153, 123, 1202
"c:\Users\13016\STM32CubeIDE\workspace_1.19.0\dispenserBeneth\Middlewares\Third_Party\LwIP\src\netif\ppp\pppol2tp.c", "C", 0, 0, 0, 0, 841, 0, 182, 137, 1160
"c:\Users\13016\STM32CubeIDE\workspace_1.19.0\dispenserBeneth\Middlewares\Third_Party\LwIP\src\netif\ppp\pppos.c", "C", 0, 0, 0, 0, 615, 0, 185, 96, 896
"c:\Users\13016\STM32CubeIDE\workspace_1.19.0\dispenserBeneth\Middlewares\Third_Party\LwIP\src\netif\ppp\upap.c", "C", 0, 0, 0, 0, 446, 0, 141, 91, 678
"c:\Users\13016\STM32CubeIDE\workspace_1.19.0\dispenserBeneth\Middlewares\Third_Party\LwIP\src\netif\ppp\utils.c", "C", 0, 0, 0, 0, 747, 0, 124, 87, 958
"c:\Users\13016\STM32CubeIDE\workspace_1.19.0\dispenserBeneth\Middlewares\Third_Party\LwIP\src\netif\ppp\vj.c", "C", 0, 0, 0, 0, 440, 0, 184, 62, 686
"c:\Users\13016\STM32CubeIDE\workspace_1.19.0\dispenserBeneth\Middlewares\Third_Party\LwIP\src\netif\slipif.c", "C", 0, 0, 0, 0, 310, 0, 194, 55, 559
"c:\Users\13016\STM32CubeIDE\workspace_1.19.0\dispenserBeneth\Middlewares\Third_Party\LwIP\src\netif\zepif.c", "C", 0, 0, 0, 0, 205, 0, 64, 32, 301
"c:\Users\13016\STM32CubeIDE\workspace_1.19.0\dispenserBeneth\Middlewares\Third_Party\LwIP\system\OS\sys_arch.c", "C", 0, 0, 0, 0, 329, 0, 143, 41, 513
"c:\Users\13016\STM32CubeIDE\workspace_1.19.0\dispenserBeneth\Middlewares\Third_Party\LwIP\system\arch\bpstruct.h", "C++", 0, 0, 0, 3, 0, 0, 31, 3, 37
"c:\Users\13016\STM32CubeIDE\workspace_1.19.0\dispenserBeneth\Middlewares\Third_Party\LwIP\system\arch\cc.h", "C++", 0, 0, 0, 37, 0, 0, 33, 19, 89
"c:\Users\13016\STM32CubeIDE\workspace_1.19.0\dispenserBeneth\Middlewares\Third_Party\LwIP\system\arch\cpu.h", "C++", 0, 0, 0, 6, 0, 0, 31, 3, 40
"c:\Users\13016\STM32CubeIDE\workspace_1.19.0\dispenserBeneth\Middlewares\Third_Party\LwIP\system\arch\epstruct.h", "C++", 0, 0, 0, 3, 0, 0, 31, 3, 37
"c:\Users\13016\STM32CubeIDE\workspace_1.19.0\dispenserBeneth\Middlewares\Third_Party\LwIP\system\arch\init.h", "C++", 0, 0, 0, 6, 0, 0, 31, 8, 45
"c:\Users\13016\STM32CubeIDE\workspace_1.19.0\dispenserBeneth\Middlewares\Third_Party\LwIP\system\arch\lib.h", "C++", 0, 0, 0, 4, 0, 0, 31, 4, 39
"c:\Users\13016\STM32CubeIDE\workspace_1.19.0\dispenserBeneth\Middlewares\Third_Party\LwIP\system\arch\perf.h", "C++", 0, 0, 0, 5, 0, 0, 31, 3, 39
"c:\Users\13016\STM32CubeIDE\workspace_1.19.0\dispenserBeneth\Middlewares\Third_Party\LwIP\system\arch\sys_arch.h", "C++", 0, 0, 0, 29, 0, 0, 31, 13, 73
"c:\Users\13016\STM32CubeIDE\workspace_1.19.0\dispenserBeneth\NETWORK_SOLUTION_SUMMARY.md", "Markdown", 0, 99, 0, 0, 0, 0, 0, 28, 127
"c:\Users\13016\STM32CubeIDE\workspace_1.19.0\dispenserBeneth\SEMAPHORE_HARDFAULT_FIX.md", "Markdown", 0, 144, 0, 0, 0, 0, 0, 30, 174
"c:\Users\13016\STM32CubeIDE\workspace_1.19.0\dispenserBeneth\STM32CubeIDE_ETH_Bug_Report.md", "Markdown", 0, 99, 0, 0, 0, 0, 0, 21, 120
"c:\Users\13016\STM32CubeIDE\workspace_1.19.0\dispenserBeneth\STM32F407ZGTX_FLASH.ld", "LinkerScript", 147, 0, 0, 0, 0, 0, 55, 30, 232
"c:\Users\13016\STM32CubeIDE\workspace_1.19.0\dispenserBeneth\STM32F407ZGTX_RAM.ld", "LinkerScript", 129, 0, 0, 0, 0, 0, 53, 28, 210
"c:\Users\13016\STM32CubeIDE\workspace_1.19.0\dispenserBeneth\UART_SERVO_OPTIMIZATION_SUMMARY.md", "Markdown", 0, 78, 0, 0, 0, 0, 0, 26, 104
"c:\Users\13016\STM32CubeIDE\workspace_1.19.0\dispenserBeneth\USB_DEVICE\App\usb_device.c", "C", 0, 0, 0, 0, 25, 0, 54, 22, 101
"c:\Users\13016\STM32CubeIDE\workspace_1.19.0\dispenserBeneth\USB_DEVICE\App\usb_device.h", "C++", 0, 0, 0, 13, 0, 0, 67, 24, 104
"c:\Users\13016\STM32CubeIDE\workspace_1.19.0\dispenserBeneth\USB_DEVICE\App\usbd_cdc_if.c", "C", 0, 0, 0, 0, 79, 0, 185, 65, 329
"c:\Users\13016\STM32CubeIDE\workspace_1.19.0\dispenserBeneth\USB_DEVICE\App\usbd_cdc_if.h", "C++", 0, 0, 0, 14, 0, 0, 84, 35, 133
"c:\Users\13016\STM32CubeIDE\workspace_1.19.0\dispenserBeneth\USB_DEVICE\App\usbd_desc.c", "C", 0, 0, 0, 0, 206, 0, 176, 64, 446
"c:\Users\13016\STM32CubeIDE\workspace_1.19.0\dispenserBeneth\USB_DEVICE\App\usbd_desc.h", "C++", 0, 0, 0, 15, 0, 0, 91, 38, 144
"c:\Users\13016\STM32CubeIDE\workspace_1.19.0\dispenserBeneth\USB_DEVICE\Target\usbd_conf.c", "C", 0, 0, 0, 0, 327, 0, 249, 104, 680
"c:\Users\13016\STM32CubeIDE\workspace_1.19.0\dispenserBeneth\USB_DEVICE\Target\usbd_conf.h", "C++", 0, 0, 0, 50, 0, 0, 88, 36, 174
"c:\Users\13016\STM32CubeIDE\workspace_1.19.0\dispenserBeneth\dispenserBeneth Debug.cfg", "Properties", 0, 0, 0, 0, 0, 14, 13, 18, 45
"c:\Users\13016\STM32CubeIDE\workspace_1.19.0\dispenserBeneth\dispenserBeneth Debug.launch", "XML", 0, 0, 100, 0, 0, 0, 0, 1, 101
"c:\Users\13016\STM32CubeIDE\workspace_1.19.0\dispenserBeneth\ethernetif_phy_integration_guide.md", "Markdown", 0, 60, 0, 0, 0, 0, 0, 14, 74
"c:\Users\13016\STM32CubeIDE\workspace_1.19.0\dispenserBeneth\modbus\ascii\mbascii.c", "C", 0, 0, 0, 0, 321, 0, 99, 65, 485
"c:\Users\13016\STM32CubeIDE\workspace_1.19.0\dispenserBeneth\modbus\ascii\mbascii.h", "C++", 0, 0, 0, 23, 0, 0, 28, 6, 57
"c:\Users\13016\STM32CubeIDE\workspace_1.19.0\dispenserBeneth\modbus\functions\mbfunccoils.c", "C", 0, 0, 0, 0, 178, 0, 57, 35, 270
"c:\Users\13016\STM32CubeIDE\workspace_1.19.0\dispenserBeneth\modbus\functions\mbfuncdiag.c", "C", 0, 0, 0, 0, 0, 0, 28, 1, 29
"c:\Users\13016\STM32CubeIDE\workspace_1.19.0\dispenserBeneth\modbus\functions\mbfuncdisc.c", "C", 0, 0, 0, 0, 69, 0, 47, 18, 134
"c:\Users\13016\STM32CubeIDE\workspace_1.19.0\dispenserBeneth\modbus\functions\mbfuncfile.c", "C", 0, 0, 0, 0, 106, 0, 45, 27, 178
"c:\Users\13016\STM32CubeIDE\workspace_1.19.0\dispenserBeneth\modbus\functions\mbfuncholding.c", "C", 0, 0, 0, 0, 204, 0, 58, 46, 308
"c:\Users\13016\STM32CubeIDE\workspace_1.19.0\dispenserBeneth\modbus\functions\mbfuncinput.c", "C", 0, 0, 0, 0, 61, 0, 43, 18, 122
"c:\Users\13016\STM32CubeIDE\workspace_1.19.0\dispenserBeneth\modbus\functions\mbfuncother.c", "C", 0, 0, 0, 0, 41, 0, 36, 11, 88
"c:\Users\13016\STM32CubeIDE\workspace_1.19.0\dispenserBeneth\modbus\functions\mbutils.c", "C", 0, 0, 0, 0, 65, 0, 48, 28, 141
"c:\Users\13016\STM32CubeIDE\workspace_1.19.0\dispenserBeneth\modbus\include\mb.h", "C++", 0, 0, 0, 59, 0, 0, 368, 29, 456
"c:\Users\13016\STM32CubeIDE\workspace_1.19.0\dispenserBeneth\modbus\include\mbconfig.h", "C++", 0, 0, 0, 69, 0, 0, 91, 24, 184
"c:\Users\13016\STM32CubeIDE\workspace_1.19.0\dispenserBeneth\modbus\include\mbframe.h", "C++", 0, 0, 0, 22, 0, 0, 54, 11, 87
"c:\Users\13016\STM32CubeIDE\workspace_1.19.0\dispenserBeneth\modbus\include\mbfunc.h", "C++", 0, 0, 0, 45, 0, 0, 28, 15, 88
"c:\Users\13016\STM32CubeIDE\workspace_1.19.0\dispenserBeneth\modbus\include\mbport.h", "C++", 0, 0, 0, 47, 0, 0, 53, 32, 132
"c:\Users\13016\STM32CubeIDE\workspace_1.19.0\dispenserBeneth\modbus\include\mbproto.h", "C++", 0, 0, 0, 49, 0, 0, 30, 6, 85
"c:\Users\13016\STM32CubeIDE\workspace_1.19.0\dispenserBeneth\modbus\include\mbutils.h", "C++", 0, 0, 0, 13, 0, 0, 89, 6, 108
"c:\Users\13016\STM32CubeIDE\workspace_1.19.0\dispenserBeneth\modbus\mb.c", "C", 0, 0, 0, 0, 374, 0, 62, 46, 482
"c:\Users\13016\STM32CubeIDE\workspace_1.19.0\dispenserBeneth\modbus\port\port.h", "C++", 0, 0, 0, 28, 0, 0, 1, 11, 40
"c:\Users\13016\STM32CubeIDE\workspace_1.19.0\dispenserBeneth\modbus\port\port_internal.h", "C++", 0, 0, 0, 71, 0, 0, 8, 17, 96
"c:\Users\13016\STM32CubeIDE\workspace_1.19.0\dispenserBeneth\modbus\port\portevent.c", "C", 0, 0, 0, 0, 27, 0, 1, 7, 35
"c:\Users\13016\STM32CubeIDE\workspace_1.19.0\dispenserBeneth\modbus\port\portserial.c", "C", 0, 0, 0, 0, 99, 0, 30, 27, 156
"c:\Users\13016\STM32CubeIDE\workspace_1.19.0\dispenserBeneth\modbus\port\porttimer.c", "C", 0, 0, 0, 0, 63, 0, 17, 23, 103
"c:\Users\13016\STM32CubeIDE\workspace_1.19.0\dispenserBeneth\modbus\rtu\mbcrc.c", "C", 0, 0, 0, 0, 63, 0, 29, 6, 98
"c:\Users\13016\STM32CubeIDE\workspace_1.19.0\dispenserBeneth\modbus\rtu\mbcrc.h", "C++", 0, 0, 0, 4, 0, 0, 28, 4, 36
"c:\Users\13016\STM32CubeIDE\workspace_1.19.0\dispenserBeneth\modbus\rtu\mbrtu.c", "C", 0, 0, 0, 0, 254, 0, 105, 69, 428
"c:\Users\13016\STM32CubeIDE\workspace_1.19.0\dispenserBeneth\modbus\rtu\mbrtu.h", "C++", 0, 0, 0, 19, 0, 0, 28, 4, 51
"c:\Users\13016\STM32CubeIDE\workspace_1.19.0\dispenserBeneth\modbus\tcp\mbtcp.c", "C", 0, 0, 0, 0, 74, 0, 63, 21, 158
"c:\Users\13016\STM32CubeIDE\workspace_1.19.0\dispenserBeneth\modbus\tcp\mbtcp.h", "C++", 0, 0, 0, 17, 0, 0, 30, 6, 53
"Total", "-", 276, 1420, 125, 82091, 87582, 14, 108363, 39502, 319373